# ************************************************************
# Sequel Pro SQL dump
# VersiÛn 4541
#
# http://www.sequelpro.com/
# https://github.com/sequelpro/sequelpro
#
# Host: shinshin.cvvjdff1wc6u.us-east-2.rds.amazonaws.com (MySQL 5.7.22-log)
# Base de datos: ShinShin
# Tiempo de GeneraciÛn: 2020-05-02 00:26:22 +0000
# ************************************************************


/*!40101 SET @OLD_CHARACTER_SET_CLIENT=@@CHARACTER_SET_CLIENT */;
/*!40101 SET @OLD_CHARACTER_SET_RESULTS=@@CHARACTER_SET_RESULTS */;
/*!40101 SET @OLD_COLLATION_CONNECTION=@@COLLATION_CONNECTION */;
/*!40101 SET NAMES utf8 */;
/*!40014 SET @OLD_FOREIGN_KEY_CHECKS=@@FOREIGN_KEY_CHECKS, FOREIGN_KEY_CHECKS=0 */;
/*!40101 SET @OLD_SQL_MODE=@@SQL_MODE, SQL_MODE='NO_AUTO_VALUE_ON_ZERO' */;
/*!40111 SET @OLD_SQL_NOTES=@@SQL_NOTES, SQL_NOTES=0 */;


# Volcado de tabla authority
# ------------------------------------------------------------

DROP TABLE IF EXISTS `authority`;

CREATE TABLE `authority` (
  `id` int(11) NOT NULL,
  `name` varchar(45) DEFAULT NULL,
  PRIMARY KEY (`id`)
) ENGINE=InnoDB DEFAULT CHARSET=latin1;

LOCK TABLES `authority` WRITE;
/*!40000 ALTER TABLE `authority` DISABLE KEYS */;

INSERT INTO `authority` (`id`, `name`)
VALUES
	(1,'ROLE_ADMIN'),
	(2,'ROLE_USER');

/*!40000 ALTER TABLE `authority` ENABLE KEYS */;
UNLOCK TABLES;


# Volcado de tabla catalogo_banco
# ------------------------------------------------------------

DROP TABLE IF EXISTS `catalogo_banco`;

CREATE TABLE `catalogo_banco` (
  `id` int(11) NOT NULL AUTO_INCREMENT,
  `nombre` varchar(60) NOT NULL,
  PRIMARY KEY (`id`)
) ENGINE=InnoDB DEFAULT CHARSET=latin1;



# Volcado de tabla catalogo_diccionario_tiendas
# ------------------------------------------------------------

DROP TABLE IF EXISTS `catalogo_diccionario_tiendas`;

CREATE TABLE `catalogo_diccionario_tiendas` (
  `id` int(11) NOT NULL AUTO_INCREMENT,
  `clave_diccionario` varchar(45) DEFAULT NULL,
  `valor_diccionario` varchar(45) DEFAULT NULL,
  PRIMARY KEY (`id`)
) ENGINE=InnoDB DEFAULT CHARSET=latin1;

LOCK TABLES `catalogo_diccionario_tiendas` WRITE;
/*!40000 ALTER TABLE `catalogo_diccionario_tiendas` DISABLE KEYS */;

INSERT INTO `catalogo_diccionario_tiendas` (`id`, `clave_diccionario`, `valor_diccionario`)
VALUES
	(1,'xxo','OXXO'),
	(2,'OXXO','OXXO'),
	(3,'xxo','OXXO'),
	(4,'Oxx0','OXXO'),
	(5,'Oxxa','OXXO'),
	(6,'Oxx0','OXXO'),
	(7,'GxD','OXXO'),
	(8,'Oxxo','OXXO'),
	(9,'Oyxo','OXXO'),
	(10,'OvxO','OXXO'),
	(11,'OwxO','OXXO'),
	(12,'Gxxo','OXXO'),
	(13,'xxo','OXXO'),
	(14,'Walmart','WALMART'),
	(15,'Wal mart','WALMART'),
	(16,'Soriona','SORIANA'),
	(17,'Soriana','SORIANA'),
	(18,'7 ELEVEN','7ELEVEN'),
	(19,'7-Eleven','7ELEVEN');

/*!40000 ALTER TABLE `catalogo_diccionario_tiendas` ENABLE KEYS */;
UNLOCK TABLES;


# Volcado de tabla catalogo_marca
# ------------------------------------------------------------

DROP TABLE IF EXISTS `catalogo_marca`;

CREATE TABLE `catalogo_marca` (
  `id_catalogo_marca` int(11) NOT NULL AUTO_INCREMENT,
  `nombre_marca` varchar(45) NOT NULL,
  `img_url` varchar(200) DEFAULT NULL,
  `active` tinyint(4) DEFAULT '1',
  PRIMARY KEY (`id_catalogo_marca`)
) ENGINE=InnoDB DEFAULT CHARSET=latin1;

LOCK TABLES `catalogo_marca` WRITE;
/*!40000 ALTER TABLE `catalogo_marca` DISABLE KEYS */;

INSERT INTO `catalogo_marca` (`id_catalogo_marca`, `nombre_marca`, `img_url`, `active`)
VALUES
	(1,'Bonafont','',1),
	(2,'Coca Cola','http://res.cloudinary.com/shingshing/image/upload/v1588108110/shingshing/marcas/Coca%20Cola.png',1),
	(3,'Nestle',NULL,0),
	(4,'Herdez',NULL,0),
	(5,'Sony',NULL,1),
	(6,'Microsoft',NULL,1),
	(7,'Nintendo',NULL,1),
	(8,'Kellogs',NULL,1),
	(9,'AXE',NULL,1),
	(10,'Herdez','http://res.cloudinary.com/shingshing/image/upload/v1581459501/shingshing/marcas/HERDEZ.png',1),
	(11,'Starder','',1),
	(12,'Del Valle',NULL,1),
	(13,'Royal','http://res.cloudinary.com/shingshing/image/upload/v1570290421/shingshing/Royal.png',1),
	(14,'Yakult','',0),
	(15,'Petalo','',1),
	(16,'Santa Clara ','',1),
	(17,'Stefano','',1),
	(18,'MegaChamoy','',1),
	(19,'San Juan','',1),
	(20,'Alpura','',1),
	(21,'Del Fuerte','',1),
	(22,'Danone','',1),
	(23,'Ades','',1),
	(24,'Colgate','',1),
	(25,'Nestl√©','',1),
	(26,'Lala','',1),
	(27,'Epura','',1),
	(28,'Yakult','',1),
	(29,'Chips Ahoy','',1),
	(30,'Granvita','',1),
	(31,'Splash','',1),
	(32,'Santa Clara ','',1),
	(33,'Kleenex Cottonelle','',1),
	(34,'Soriana ','',1),
	(35,'Quaker','',1),
	(36,'Fabuloso','',1),
	(37,'Axion','',1),
	(38,'Inova','',1),
	(39,'Tressem√©','',1),
	(40,'Milpa Real ','',1),
	(41,'T√≠a Rosa','',1),
	(42,'Quaker State','',1),
	(43,'Hola, soy un Demo','',0),
	(44,'Nueva marca','',0),
	(45,'Hola, soy un Demooo','',0);

/*!40000 ALTER TABLE `catalogo_marca` ENABLE KEYS */;
UNLOCK TABLES;


# Volcado de tabla catalogo_medios_bonificacion
# ------------------------------------------------------------

DROP TABLE IF EXISTS `catalogo_medios_bonificacion`;

CREATE TABLE `catalogo_medios_bonificacion` (
  `id_catalogo_medio_bonificacion` int(11) NOT NULL AUTO_INCREMENT,
  `nombre_medio_bonificacion` varchar(45) NOT NULL,
  `active` tinyint(4) DEFAULT '1',
  PRIMARY KEY (`id_catalogo_medio_bonificacion`)
) ENGINE=InnoDB DEFAULT CHARSET=latin1;

LOCK TABLES `catalogo_medios_bonificacion` WRITE;
/*!40000 ALTER TABLE `catalogo_medios_bonificacion` DISABLE KEYS */;

INSERT INTO `catalogo_medios_bonificacion` (`id_catalogo_medio_bonificacion`, `nombre_medio_bonificacion`, `active`)
VALUES
	(1,'Bancaria',1),
	(2,'Paypal',1),
	(3,'Recarga telef√≥nica',1),
	(4,'Nuevo!!',1);

/*!40000 ALTER TABLE `catalogo_medios_bonificacion` ENABLE KEYS */;
UNLOCK TABLES;


# Volcado de tabla catalogo_redes_sociales
# ------------------------------------------------------------

DROP TABLE IF EXISTS `catalogo_redes_sociales`;

CREATE TABLE `catalogo_redes_sociales` (
  `id` int(11) NOT NULL AUTO_INCREMENT,
  `nombre_red_social` varchar(45) NOT NULL,
  UNIQUE KEY `id_UNIQUE` (`id`)
) ENGINE=InnoDB DEFAULT CHARSET=latin1;

LOCK TABLES `catalogo_redes_sociales` WRITE;
/*!40000 ALTER TABLE `catalogo_redes_sociales` DISABLE KEYS */;

INSERT INTO `catalogo_redes_sociales` (`id`, `nombre_red_social`)
VALUES
	(1,'GOOGLE'),
	(2,'FACEBOOK');

/*!40000 ALTER TABLE `catalogo_redes_sociales` ENABLE KEYS */;
UNLOCK TABLES;


# Volcado de tabla catalogo_sexo
# ------------------------------------------------------------

DROP TABLE IF EXISTS `catalogo_sexo`;

CREATE TABLE `catalogo_sexo` (
  `id_catalogo_sexo` int(11) NOT NULL AUTO_INCREMENT,
  `nombre_sexo` varchar(45) DEFAULT NULL,
  PRIMARY KEY (`id_catalogo_sexo`),
  UNIQUE KEY `id_catalogo_sexo_UNIQUE` (`id_catalogo_sexo`)
) ENGINE=InnoDB DEFAULT CHARSET=latin1;

LOCK TABLES `catalogo_sexo` WRITE;
/*!40000 ALTER TABLE `catalogo_sexo` DISABLE KEYS */;

INSERT INTO `catalogo_sexo` (`id_catalogo_sexo`, `nombre_sexo`)
VALUES
	(1,'HOMBRE'),
	(2,'MUJER'),
	(3,'DESCONOCIDO');

/*!40000 ALTER TABLE `catalogo_sexo` ENABLE KEYS */;
UNLOCK TABLES;


# Volcado de tabla catalogo_tienda
# ------------------------------------------------------------

DROP TABLE IF EXISTS `catalogo_tienda`;

CREATE TABLE `catalogo_tienda` (
  `id_catalogo_tienda` int(11) NOT NULL AUTO_INCREMENT,
  `nombre_tienda` varchar(45) NOT NULL,
  `imagen_tienda` varchar(200) NOT NULL,
  `active` tinyint(4) DEFAULT '1',
  PRIMARY KEY (`id_catalogo_tienda`)
) ENGINE=InnoDB DEFAULT CHARSET=latin1;

LOCK TABLES `catalogo_tienda` WRITE;
/*!40000 ALTER TABLE `catalogo_tienda` DISABLE KEYS */;

INSERT INTO `catalogo_tienda` (`id_catalogo_tienda`, `nombre_tienda`, `imagen_tienda`, `active`)
VALUES
	(1,'Oxxo','http://res.cloudinary.com/shingshing/image/upload/v1586926379/shingshing/tiendas/Oxxo.png',1),
	(2,'Neto','',0),
	(3,'Walmart','http://res.cloudinary.com/shingshing/image/upload/v1586926407/shingshing/tiendas/Grupo%20Walmart.png',1),
	(4,'7 Eleven','http://res.cloudinary.com/shingshing/image/upload/v1586926346/shingshing/tiendas/7%20Eleven.png',1),
	(5,'K-Mart','',0),
	(6,'Chedraui','http://res.cloudinary.com/shingshing/image/upload/v1586926464/shingshing/tiendas/Chedraui.png',0),
	(7,'Superama','http://res.cloudinary.com/shingshing/image/upload/v1586926502/shingshing/tiendas/Superama.png',1),
	(8,'Mega','http://res.cloudinary.com/shingshing/image/upload/v1586926531/shingshing/tiendas/Mega.png',0),
	(9,'tiendita de Juan','',0),
	(10,'Nueva tienda Demo','',0),
	(11,'demooooojghfc','http://res.cloudinary.com/shingshing/image/upload/v1584825790/shingshing/tiendas/demooooo.png',0),
	(12,'demo','',0),
	(13,'Aurrera','',1),
	(14,'Comercial Mexicana','',1),
	(15,'HEB','',0),
	(16,'Megacomercial','',1),
	(17,'Soriana','',1),
	(18,'HEB','',1);

/*!40000 ALTER TABLE `catalogo_tienda` ENABLE KEYS */;
UNLOCK TABLES;


# Volcado de tabla catalogo_tienda_pattern
# ------------------------------------------------------------

DROP TABLE IF EXISTS `catalogo_tienda_pattern`;

CREATE TABLE `catalogo_tienda_pattern` (
  `id` int(11) NOT NULL AUTO_INCREMENT,
  `id_tienda` varchar(45) DEFAULT NULL,
  `id_pattern` varchar(45) DEFAULT NULL,
  `pattern` varchar(100) DEFAULT NULL,
  PRIMARY KEY (`id`)
) ENGINE=InnoDB DEFAULT CHARSET=latin1;

LOCK TABLES `catalogo_tienda_pattern` WRITE;
/*!40000 ALTER TABLE `catalogo_tienda_pattern` DISABLE KEYS */;

INSERT INTO `catalogo_tienda_pattern` (`id`, `id_tienda`, `id_pattern`, `pattern`)
VALUES
	(1,'WALMART','ID_WALMART_HORA_PATTERN','(\\d\\d:\\d\\d)'),
	(2,'WALMART','ID_TDA_PATTERN','TDA[\\#|H|M|N][0-9]+\\b'),
	(3,'WALMART','ID_OP_PATTERN','[O|0]P[\\#|H|M|N][A-Z0-9]+\\b'),
	(4,'WALMART','ID_TE_PATTERN','TE[\\#|H|M|N]\\s[0-9]+\\b'),
	(5,'WALMART','ID_TR_PATTERN','TR[\\#|H|M|N|\\s]\\s[0-9]+\\b'),
	(6,'WALMART','ID_WALMART_FECHA_PATTERN','(0[1-9]|[12][0-9]|3[01])[/ .](0[1-9]|1[012])[/ .](19|20)'),
	(8,'SORIANA','ID_SORIANA_FECHA_PATTERN','(0[1-9]|[12][0-9]|3[01])[/ .](0[1-9]|1[012])[/ .](20)\\d\\d'),
	(9,'SORIANA','ID_SORIANA_HORA_PATTERN','(\\d\\d:\\d\\d:\\d\\d)'),
	(10,'SORIANA','ID_SUCURSAL','\\d{3}\\s\\d{3}\\s\\d+\\s\\d+'),
	(11,'SORIANA','ID_SERIAL_NUMBER','[0-9]{5}'),
	(12,'7ELEVEN','ID_FECHA_PATTERN','(0[1-9]|1[012])[/ .](0[1-9]|[12][0-9]|3[01])[/ .](19|20)'),
	(13,'7ELEVEN','ID_HORA_PATTERN','(\\d\\d:\\d\\d:\\d\\d\\s(PM|AM))'),
	(14,'7ELEVEN','ID_SUCURSAL','\\d+\\s\\d+\\s\\d+\\s\\d+'),
	(15,'7ELEVEN','ID_SERIAL_NUMBER','[0-9]{5}'),
	(16,'7ELEVEN','ID_CANTIDAD','\\d+\\s'),
	(17,'OXXO','ID_OXXO_FECHA_PATTERN','(0[1-9]|[12][0-9]|3[01])[/ ).](0[1-9]|1[012])[/ .](19|20)\\d\\d'),
	(18,'OXXO','ID_OXXO_HORA_PATTERN','(\\d\\d:\\d\\d))'),
	(19,'OXXO','ID_OXXO_PRODUCTOS_PATTERN','[a-zA-Z0-9]*\\.?\\d*\\.?\\d*)'),
	(20,'OXXO','ID_OXXO_FOLIO_VENTA','[a-zA-Z]+\\s?[a-zA-Z]+:[0-9]+)'),
	(21,'OXXO','ID_OXXO_ID_VENTA','ID[=|a-zA-Z0-9]+)'),
	(22,'OXXO','ID_OXXO_CIFRAS','^-?\\d*\\.{1,1}\\d+$)'),
	(23,'OXXO','ID_OXXO_CAJA','\\b[0-9]+\\b)');

/*!40000 ALTER TABLE `catalogo_tienda_pattern` ENABLE KEYS */;
UNLOCK TABLES;


# Volcado de tabla catalogo_tipo_bancaria
# ------------------------------------------------------------

DROP TABLE IF EXISTS `catalogo_tipo_bancaria`;

CREATE TABLE `catalogo_tipo_bancaria` (
  `id_tipo` int(11) NOT NULL AUTO_INCREMENT,
  `descripcion_bancaria` varchar(45) DEFAULT NULL,
  PRIMARY KEY (`id_tipo`),
  UNIQUE KEY `id_tipo_UNIQUE` (`id_tipo`)
) ENGINE=InnoDB DEFAULT CHARSET=latin1;

LOCK TABLES `catalogo_tipo_bancaria` WRITE;
/*!40000 ALTER TABLE `catalogo_tipo_bancaria` DISABLE KEYS */;

INSERT INTO `catalogo_tipo_bancaria` (`id_tipo`, `descripcion_bancaria`)
VALUES
	(1,'CLABE'),
	(2,'Cuenta'),
	(3,'Tarjeta');

/*!40000 ALTER TABLE `catalogo_tipo_bancaria` ENABLE KEYS */;
UNLOCK TABLES;


# Volcado de tabla catalogo_tipo_producto
# ------------------------------------------------------------

DROP TABLE IF EXISTS `catalogo_tipo_producto`;

CREATE TABLE `catalogo_tipo_producto` (
  `id_catalogo_tipo_producto` int(11) NOT NULL AUTO_INCREMENT,
  `nombre_tipo_producto` varchar(45) NOT NULL,
  `img_url` varchar(200) DEFAULT NULL,
  `active` tinyint(4) DEFAULT '1' COMMENT '0 = a Dado de baja\\n1 = a Activo',
  PRIMARY KEY (`id_catalogo_tipo_producto`)
) ENGINE=InnoDB DEFAULT CHARSET=latin1;

LOCK TABLES `catalogo_tipo_producto` WRITE;
/*!40000 ALTER TABLE `catalogo_tipo_producto` DISABLE KEYS */;

INSERT INTO `catalogo_tipo_producto` (`id_catalogo_tipo_producto`, `nombre_tipo_producto`, `img_url`, `active`)
VALUES
	(1,'Abarrotes','http://res.cloudinary.com/shingshing/image/upload/v1570550786/shingshing/departamentos/Abarrotes.png',1),
	(2,'Electr√≥nica','http://res.cloudinary.com/shingshing/image/upload/v1570550933/shingshing/departamentos/Electr%C3%B3nicos.png',1),
	(3,'Autos','http://res.cloudinary.com/shingshing/image/upload/v1570550960/shingshing/departamentos/Autos.png',1),
	(4,'Beb√©','http://res.cloudinary.com/shingshing/image/upload/v1570550983/shingshing/departamentos/Beb%C3%A9.png',1),
	(5,'Belleza','http://res.cloudinary.com/shingshing/image/upload/v1570551753/shingshing/departamentos/Belleza.png',1),
	(6,'Gadgets hola','http://res.cloudinary.com/shingshing/image/upload/v1570551933/shingshing/departamentos/Gadgets.png',0),
	(7,'Ropa','http://res.cloudinary.com/shingshing/image/upload/v1582661295/shingshing/departamentos/Ropa.png',1),
	(8,'Cosm√©ticos','http://res.cloudinary.com/shingshing/image/upload/v1570552046/shingshing/departamentos/Cosm%C3%A9ticos.png',1),
	(9,'Deportes','http://res.cloudinary.com/shingshing/image/upload/v1570551972/shingshing/departamentos/Deportes.png',1),
	(10,'Mascotas','http://res.cloudinary.com/shingshing/image/upload/v1570551954/shingshing/departamentos/Mascotas.png',1),
	(11,'Autos','http://res.cloudinary.com/shingshing/image/upload/v1570550960/shingshing/departamentos/Autos.png',0),
	(12,'Bebidas','http://res.cloudinary.com/shingshing/image/upload/v1570552024/shingshing/departamentos/Bebidas.png',1),
	(13,'Blancos','http://res.cloudinary.com/shingshing/image/upload/v1581434430/shingshing/departamentos/Blancos.png',0),
	(14,'Cremeria','http://res.cloudinary.com/shingshing/image/upload/v1582661239/shingshing/departamentos/Cremeria.png',1),
	(15,'Electr√≥nica','',0),
	(16,'Hogar','http://res.cloudinary.com/shingshing/image/upload/v1582661114/shingshing/departamentos/Hogar.png',1),
	(17,'Higiene','http://res.cloudinary.com/shingshing/image/upload/v1582661096/shingshing/departamentos/Higiene.png',1),
	(18,'Limpieza','http://res.cloudinary.com/shingshing/image/upload/v1582661030/shingshing/departamentos/Limpieza.png',1),
	(19,'Nuevo','',0),
	(20,'Demo','http://res.cloudinary.com/shingshing/image/upload/v1582667097/shingshing/departamentos/Demo.png',0),
	(21,'Hola soy un demo','http://res.cloudinary.com/shingshing/image/upload/v1584824076/shingshing/departamentos/Hola%20soy%20un%20demo.png',0),
	(22,'demo','',1);

/*!40000 ALTER TABLE `catalogo_tipo_producto` ENABLE KEYS */;
UNLOCK TABLES;


# Volcado de tabla config
# ------------------------------------------------------------

DROP TABLE IF EXISTS `config`;

CREATE TABLE `config` (
  `key_name` varchar(45) NOT NULL,
  `key_value` varchar(45) DEFAULT NULL,
  `key_data` longtext,
  PRIMARY KEY (`key_name`)
) ENGINE=InnoDB DEFAULT CHARSET=latin1;

LOCK TABLES `config` WRITE;
/*!40000 ALTER TABLE `config` DISABLE KEYS */;

INSERT INTO `config` (`key_name`, `key_value`, `key_data`)
VALUES
	('FCM_KEY','FCM_KEY_FILE','ewogICJ0eXBlIjogInNlcnZpY2VfYWNjb3VudCIsCiAgInByb2plY3RfaWQiOiAic2hpbmdzaGluZy02OWMxZiIsCiAgInByaXZhdGVfa2V5X2lkIjogImMwYTcwYzJjY2NmZDFjMDQ5NDYwZDI4MzRmNmJiZTBjMjQyNWViZDEiLAogICJwcml2YXRlX2tleSI6ICItLS0tLUJFR0lOIFBSSVZBVEUgS0VZLS0tLS1cbk1JSUV2Z0lCQURBTkJna3Foa2lHOXcwQkFRRUZBQVNDQktnd2dnU2tBZ0VBQW9JQkFRREhBVlhMeG1OaVVXMzlcbjJtUElZQmt2eFV0UlExK2lhdHhWWlRoQ1RVMzhiOGVHN1FQUHVhYVkrNE1Zai80N2l5V3A4eVZjcE43M2d5VC9cbkhuUjNCRTFESDBEQ0QwVGxxbHlRVjJHNzR3OTFoWGFJNUF3WUNqTjg3VG9QSTZaRnVlVUZ2Rzk4SDV5VWNnMXlcbnBsVEhtS3VoZkxhYzlvaXpJeTZNYmpyR2tYTS9WbExxaUgzbGcxWWk1R1hJYXBwN2FLb2N1ZWZTRVpOVDY1ZjlcbmlkanNDY20rTG9sS1ViTXV6cmxwZVJDdlM3N1JoNXR4Y1N6NFZhamV4K3VJL2xHUjdRZGFKYXliMnVEN1dPNTFcbnJ6UHduOFdEaUZrN2FNcC9oTnoyY002TEpGSGc3Wk9UR1R1TnhVa01DMUs2cHBPUXVLSWNickVUalhoYjZTM0Zcbkszak42Z2J6QWdNQkFBRUNnZ0VBQWZwSFJyVkpsR2xEbkNLa2QzKzcxek5EY241TERia21iTk5tUWQ3OThQdVFcbmlWVzU3OVBSeFFUYi9mSVJoeVk5MmtyeFNvbXdWaUVSOFRIMWtnMDM1SHh4YytEU3JwbWJQaXRtL29iYy9jQnJcbjdyWlVVUUtPcUNXWWhXVzFjTitwb1NIMnNSZUVlVU40VXdjMkllZGZONDZldVdSUlBYVmJubG52T1ppRlRJa2FcbnZGUXFhcVZQbm1lWW1WWDE0ekk3MCtvM251MG9oWXZVWU93TUJ4VkNHRUV5dDdTUms3Ry9CbXZzYUhzTk1Za3lcbjJ5ZTZySERDL2VqZHFrczhtZTNSQWRmKy9qc1RyUDkwQ2FLVHcwRzd2Sk9LUXI1SlBQcmI2bmlGTGRYeVdDNWFcbkF3bXFld3o5c3J3WlpWbjIwNUZFUGcrV0dJZGtNNVM1Y0V1ZFFjZTBTUUtCZ1FEbCtNTjRUMnB1bXV0Qis4b3pcbnVvRGtqR29IUDAyc1c5UEE5cTBxTHFyVkVTdk5FbzVPZ3A1TkVjY0I5UmRtMytUNHhhQjZiK1N6OWd2K3FoTitcblF4bldxa3RqaCtXN1BwSlppdXhrSlQrZVJsQmdualhDYWE0OEI5akYyd1FXTXdPclowMkRkZDRkZHhWandTN2RcbnNubldma0h1UkJWdGZxcHhrSW5UbitzQ1R3S0JnUURkaDFmSzdMeFJKMXpBMURZOXdiTTBFZVVJWXAzdmM3Y3NcbnMzbjhaMmF3N0MzNzBoSVFnanA0OTVVWDhpMHIrRlR2UEpKRVMzVHhLZTFXbVg2M2NueDFtNFl0UDlkc1dSd3pcbldGcWF2VUUzTzdUQUVibk9KTHlkWUlaUXBlbXh0OXdoUE5NS01BZ2VST2tVVHEyYWJOWWxPSnNZZEVFQnFvTWZcbkZTcEZyV3Y4SFFLQmdRREZJSXpscHlWemMrWXZaRmE2S3FkcndaVHRhMno0VHFwZjROTWtzbVlMUjdIRkVwL2JcbldvbTVSSURUQTdVd29NRVVJY3RpeUdGQmhhcFlmSTlERHQrcUs4VjlwckxjNDFEdDRuQ3BrMmhLRXJtNWFFUnFcbnhzM3NkVWx5cUQrRGkrMGNVdXVWd1VaSStaZmpMMmd0NzF3UzZaMDRVVElRN3AvSnd2eng0MFcrYndLQmdRQ0Jcblo0MHVPY25yc2cycGlvMUEyQVNobHc1dUxvVkptaFBYWmVRTlFDMnBqZDF5cTR6bjNkcmdUT2ZuL0F6TkVad3pcbnYvTkZON3JSSVlmRnZaWmEvT0tkSk1ObGJWU2VzeE1aSHpTV0RaV3ArUk9sMnZUcDZXWFFuTkQ1RFdJTThYVUNcbmFYQnlGQXE1KzlFWGpybzBhZjFSOHRZT20rSlpZY3lFZksyYjFDa3ZOUUtCZ0FtTVgvaWVxdDludEpmSFB1ZXBcbmtUeERxandHejhIL3ZEK1hLR1lkNi9TQ0FiM1d1NERQWWg3elBlaFBlRVhZSzdOdkdGNEZrQlVVY2RFY2xwZVhcbmhyWkorU2NJYjFtOERqR3pJdEpkYjMza29qS2NUYnAxdVdpcC95VTFMTytmMTdqVkZTY0g3ZzVFZTM3R242bHNcbnVVbVhsTDRweUNRQk4zOHR3NEJTVlpndlxuLS0tLS1FTkQgUFJJVkFURSBLRVktLS0tLVxuIiwKICAiY2xpZW50X2VtYWlsIjogImZpcmViYXNlLWFkbWluc2RrLXduN2lsQHNoaW5nc2hpbmctNjljMWYuaWFtLmdzZXJ2aWNlYWNjb3VudC5jb20iLAogICJjbGllbnRfaWQiOiAiMTAyMDAxNzYyNDgyMDI5NTU1OTg4IiwKICAiYXV0aF91cmkiOiAiaHR0cHM6Ly9hY2NvdW50cy5nb29nbGUuY29tL28vb2F1dGgyL2F1dGgiLAogICJ0b2tlbl91cmkiOiAiaHR0cHM6Ly9vYXV0aDIuZ29vZ2xlYXBpcy5jb20vdG9rZW4iLAogICJhdXRoX3Byb3ZpZGVyX3g1MDlfY2VydF91cmwiOiAiaHR0cHM6Ly93d3cuZ29vZ2xlYXBpcy5jb20vb2F1dGgyL3YxL2NlcnRzIiwKICAiY2xpZW50X3g1MDlfY2VydF91cmwiOiAiaHR0cHM6Ly93d3cuZ29vZ2xlYXBpcy5jb20vcm9ib3QvdjEvbWV0YWRhdGEveDUwOS9maXJlYmFzZS1hZG1pbnNkay13bjdpbCU0MHNoaW5nc2hpbmctNjljMWYuaWFtLmdzZXJ2aWNlYWNjb3VudC5jb20iCn0K');

/*!40000 ALTER TABLE `config` ENABLE KEYS */;
UNLOCK TABLES;


# Volcado de tabla contacto
# ------------------------------------------------------------

DROP TABLE IF EXISTS `contacto`;

CREATE TABLE `contacto` (
  `id` int(11) NOT NULL AUTO_INCREMENT,
  `topico` varchar(200) DEFAULT NULL,
  `detalle` varchar(200) DEFAULT NULL,
  `id_usuario` int(11) DEFAULT NULL,
  `nombre` varchar(80) DEFAULT NULL,
  `email` varchar(100) DEFAULT NULL,
  PRIMARY KEY (`id`),
  KEY `id_usuario_contacto_idx` (`id_usuario`),
  CONSTRAINT `id_usuario_contacto` FOREIGN KEY (`id_usuario`) REFERENCES `usuario` (`id_usuario`) ON DELETE NO ACTION ON UPDATE NO ACTION
) ENGINE=InnoDB DEFAULT CHARSET=latin1;

LOCK TABLES `contacto` WRITE;
/*!40000 ALTER TABLE `contacto` DISABLE KEYS */;

INSERT INTO `contacto` (`id`, `topico`, `detalle`, `id_usuario`, `nombre`, `email`)
VALUES
	(1,'no funciona','no funciona',88,NULL,NULL),
	(2,'hola','hola',86,NULL,NULL),
	(3,'Camara','Error al tomar foto',2,NULL,NULL),
	(4,'Problema con la App','Se cierra en la pantalla principal, al scrollear ',2,NULL,NULL),
	(5,'Escaneo de un Ticket','Problema al escanear ticket de Walmart',2,NULL,NULL),
	(6,'Problemas con el APP','jhkjhkjh',107,NULL,NULL),
	(7,'Comentarios','12345',107,NULL,NULL),
	(8,'Problemas con el APP','12345',107,NULL,NULL),
	(9,'Comentarios','sdasdasd',107,NULL,NULL),
	(10,'Problemas con el APP','Hola probando',107,NULL,NULL),
	(11,'Problemas con el APP','Hola',107,NULL,NULL),
	(12,'Problemas con el APP','akjshkjashd',107,NULL,NULL),
	(13,'Comentarios','12345',107,NULL,NULL),
	(14,'Comentarios','Hola ultima prueba',107,NULL,NULL),
	(15,'Problemas con el APP','123456789',107,NULL,NULL),
	(16,'Problemas con el APP','Hola que tal',107,NULL,NULL),
	(17,'Problemas con el APP','asdassdadasd',107,NULL,NULL),
	(18,'Problema con la App','Hola de nuevo !',42,NULL,NULL),
	(19,'Problemas con el APP','hola!¬°¬ø$:¬°$;*√ó;¬°#:¬ø$, v',42,NULL,NULL),
	(20,NULL,'hola !',NULL,'ERICK','8ures92@gmail.com'),
	(21,NULL,'',NULL,'',''),
	(22,NULL,'',NULL,'',''),
	(23,'Problema con la App','Comportamiento extra√±o al iniciar',117,NULL,NULL);

/*!40000 ALTER TABLE `contacto` ENABLE KEYS */;
UNLOCK TABLES;


# Volcado de tabla fotografias_ticket
# ------------------------------------------------------------

DROP TABLE IF EXISTS `fotografias_ticket`;

CREATE TABLE `fotografias_ticket` (
  `id` int(11) NOT NULL AUTO_INCREMENT,
  `id_ticket` int(11) DEFAULT NULL,
  `url_foto_ticket` varchar(200) DEFAULT NULL,
  PRIMARY KEY (`id`),
  KEY `fk_ticket_fotografias` (`id_ticket`),
  CONSTRAINT `fk_ticket_fotografias` FOREIGN KEY (`id_ticket`) REFERENCES `ticket` (`id_ticket`) ON DELETE NO ACTION ON UPDATE NO ACTION
) ENGINE=InnoDB DEFAULT CHARSET=latin1;



# Volcado de tabla historico_bonificaciones
# ------------------------------------------------------------

DROP TABLE IF EXISTS `historico_bonificaciones`;

CREATE TABLE `historico_bonificaciones` (
  `id_ticket` int(11) NOT NULL,
  `producto_id_producto` int(11) NOT NULL,
  KEY `id_ticket_idx` (`id_ticket`),
  KEY `fk_historico_bonificaciones_producto1_idx` (`producto_id_producto`),
  CONSTRAINT `fk_historico_bonificaciones_producto1` FOREIGN KEY (`producto_id_producto`) REFERENCES `producto` (`id_producto`) ON DELETE NO ACTION ON UPDATE NO ACTION,
  CONSTRAINT `id_ticket` FOREIGN KEY (`id_ticket`) REFERENCES `ticket` (`id_ticket`) ON DELETE NO ACTION ON UPDATE NO ACTION
) ENGINE=InnoDB DEFAULT CHARSET=latin1;

LOCK TABLES `historico_bonificaciones` WRITE;
/*!40000 ALTER TABLE `historico_bonificaciones` DISABLE KEYS */;

INSERT INTO `historico_bonificaciones` (`id_ticket`, `producto_id_producto`)
VALUES
	(44,13),
	(45,13),
	(46,13),
	(47,1),
	(48,24),
	(49,24),
	(50,24),
	(51,1),
	(51,1),
	(52,44),
	(53,67),
	(54,67),
	(55,67),
	(56,67),
	(57,67),
	(58,67),
	(59,71),
	(60,71),
	(61,71),
	(62,71),
	(63,71),
	(64,28),
	(65,28),
	(66,28),
	(67,28),
	(68,28),
	(69,27),
	(70,27),
	(71,75),
	(72,75),
	(73,75),
	(74,75),
	(75,75),
	(76,75),
	(77,75),
	(78,75),
	(79,75),
	(80,75),
	(81,28),
	(82,28),
	(83,28),
	(84,28),
	(85,28);

/*!40000 ALTER TABLE `historico_bonificaciones` ENABLE KEYS */;
UNLOCK TABLES;


# Volcado de tabla historico_medios_bonificacion
# ------------------------------------------------------------

DROP TABLE IF EXISTS `historico_medios_bonificacion`;

CREATE TABLE `historico_medios_bonificacion` (
  `id_historico_medios_bonificacion` int(11) NOT NULL AUTO_INCREMENT,
  `fecha_bonificacion` date NOT NULL,
  `hora_bonificacion` time DEFAULT NULL,
  `cantidad_bonificacion` double DEFAULT NULL,
  `id_medios_bonificacion` int(11) NOT NULL,
  `usuario_id_usuario` int(11) NOT NULL,
  PRIMARY KEY (`id_historico_medios_bonificacion`),
  KEY `id_medios_bonificacion_idx` (`id_medios_bonificacion`),
  KEY `fk_historico_bonificaciones_usuario1_idx` (`usuario_id_usuario`),
  CONSTRAINT `fk_historico_bonificaciones_usuario1` FOREIGN KEY (`usuario_id_usuario`) REFERENCES `usuario` (`id_usuario`) ON DELETE NO ACTION ON UPDATE NO ACTION,
  CONSTRAINT `id_medios_bonificacion` FOREIGN KEY (`id_medios_bonificacion`) REFERENCES `medios_bonificacion` (`id_medios_bonificacion`) ON DELETE NO ACTION ON UPDATE NO ACTION
) ENGINE=InnoDB DEFAULT CHARSET=latin1;

LOCK TABLES `historico_medios_bonificacion` WRITE;
/*!40000 ALTER TABLE `historico_medios_bonificacion` DISABLE KEYS */;

INSERT INTO `historico_medios_bonificacion` (`id_historico_medios_bonificacion`, `fecha_bonificacion`, `hora_bonificacion`, `cantidad_bonificacion`, `id_medios_bonificacion`, `usuario_id_usuario`)
VALUES
	(1,'2020-01-28','02:28:05',10,127,2),
	(2,'2020-01-28','02:38:05',30,127,2),
	(4,'2020-01-29','02:38:05',30.5,127,2),
	(5,'2020-01-31','02:38:05',20,130,2),
	(6,'2020-02-03','12:38:05',20,127,2),
	(7,'2020-03-30',NULL,100,153,2),
	(8,'2020-03-30',NULL,20,128,2),
	(9,'2020-03-30',NULL,50,161,2),
	(10,'2020-04-27','10:23:05',20,127,2),
	(14,'2020-04-27',NULL,20,128,2),
	(15,'2020-04-27',NULL,20,128,2),
	(16,'2020-04-27',NULL,20,128,2),
	(17,'2020-04-28',NULL,20,128,2),
	(18,'2020-04-28',NULL,10,128,2),
	(19,'2020-04-28',NULL,10,128,2),
	(20,'2020-04-28',NULL,20,128,2),
	(21,'2020-04-29',NULL,100,191,42),
	(22,'2020-04-29',NULL,100,191,42),
	(23,'2020-04-29',NULL,100,191,42),
	(24,'2020-04-29',NULL,100,155,42),
	(25,'2020-04-29',NULL,100,189,42),
	(26,'2020-04-29',NULL,10,189,42);

/*!40000 ALTER TABLE `historico_medios_bonificacion` ENABLE KEYS */;
UNLOCK TABLES;


# Volcado de tabla historico_tickets
# ------------------------------------------------------------

DROP TABLE IF EXISTS `historico_tickets`;

CREATE TABLE `historico_tickets` (
  `usuario_id_usuario` int(11) NOT NULL,
  `ticket_id_ticket` int(11) NOT NULL,
  KEY `fk_historico_tickets_usuario1_idx` (`usuario_id_usuario`),
  KEY `fk_historico_tickets_ticket1_idx` (`ticket_id_ticket`),
  CONSTRAINT `fk_historico_tickets_ticket1` FOREIGN KEY (`ticket_id_ticket`) REFERENCES `ticket` (`id_ticket`) ON DELETE NO ACTION ON UPDATE NO ACTION,
  CONSTRAINT `fk_historico_tickets_usuario1` FOREIGN KEY (`usuario_id_usuario`) REFERENCES `usuario` (`id_usuario`) ON DELETE NO ACTION ON UPDATE NO ACTION
) ENGINE=InnoDB DEFAULT CHARSET=latin1;

LOCK TABLES `historico_tickets` WRITE;
/*!40000 ALTER TABLE `historico_tickets` DISABLE KEYS */;

INSERT INTO `historico_tickets` (`usuario_id_usuario`, `ticket_id_ticket`)
VALUES
	(2,47),
	(2,48),
	(2,49),
	(2,50),
	(2,51),
	(2,52),
	(42,53),
	(42,54),
	(42,55),
	(42,56),
	(42,57),
	(42,58),
	(42,59),
	(42,60),
	(42,61),
	(42,62),
	(42,63),
	(42,64),
	(42,65),
	(42,66),
	(42,67),
	(42,68),
	(42,69),
	(42,70),
	(42,71),
	(42,72),
	(42,73),
	(42,74),
	(42,75),
	(42,76),
	(42,77),
	(42,78),
	(42,79),
	(42,80),
	(42,81),
	(42,82),
	(42,83),
	(42,84),
	(42,85);

/*!40000 ALTER TABLE `historico_tickets` ENABLE KEYS */;
UNLOCK TABLES;


# Volcado de tabla medios_bonificacion
# ------------------------------------------------------------

DROP TABLE IF EXISTS `medios_bonificacion`;

CREATE TABLE `medios_bonificacion` (
  `id_medios_bonificacion` int(11) NOT NULL AUTO_INCREMENT,
  `alias_medio_bonificacion` varchar(45) NOT NULL,
  `cuenta_medio_bonificacion` varchar(100) DEFAULT NULL,
  `compania_medio_bonificacion` varchar(45) DEFAULT NULL,
  `id_catalogo_medio_bonificacion` int(11) NOT NULL,
  `vigencia_medio_bonificacion` varchar(10) DEFAULT NULL,
  `id_cuenta_medio_bonificacion` varchar(45) DEFAULT NULL,
  `usuario_id_usuario` int(11) NOT NULL,
  `id_tipo` int(11) DEFAULT NULL,
  `estatus` int(11) DEFAULT '1',
  `banco` varchar(45) DEFAULT NULL,
  PRIMARY KEY (`id_medios_bonificacion`),
  KEY `id_catalogo_medio_bonificacion_idx` (`id_catalogo_medio_bonificacion`),
  KEY `fk_medios_bonificacion_usuario1_idx` (`usuario_id_usuario`),
  KEY `fk_if_tipo_idx` (`id_tipo`),
  CONSTRAINT `fk_if_tipo` FOREIGN KEY (`id_tipo`) REFERENCES `catalogo_tipo_bancaria` (`id_tipo`) ON DELETE NO ACTION ON UPDATE NO ACTION,
  CONSTRAINT `fk_medios_bonificacion_usuario1` FOREIGN KEY (`usuario_id_usuario`) REFERENCES `usuario` (`id_usuario`) ON DELETE NO ACTION ON UPDATE NO ACTION,
  CONSTRAINT `id_catalogo_medio_bonificacion` FOREIGN KEY (`id_catalogo_medio_bonificacion`) REFERENCES `catalogo_medios_bonificacion` (`id_catalogo_medio_bonificacion`) ON DELETE NO ACTION ON UPDATE NO ACTION
) ENGINE=InnoDB DEFAULT CHARSET=latin1;

LOCK TABLES `medios_bonificacion` WRITE;
/*!40000 ALTER TABLE `medios_bonificacion` DISABLE KEYS */;

INSERT INTO `medios_bonificacion` (`id_medios_bonificacion`, `alias_medio_bonificacion`, `cuenta_medio_bonificacion`, `compania_medio_bonificacion`, `id_catalogo_medio_bonificacion`, `vigencia_medio_bonificacion`, `id_cuenta_medio_bonificacion`, `usuario_id_usuario`, `id_tipo`, `estatus`, `banco`)
VALUES
	(127,'Personal','5534714616','Telcel',3,NULL,NULL,2,NULL,2,NULL),
	(128,'Esposa','5548998389','Telcel',3,NULL,NULL,2,NULL,1,NULL),
	(129,'Hijo','5534714616','Telcel',3,NULL,NULL,2,NULL,2,NULL),
	(130,'Hija','5534714616','ATT&T',3,NULL,NULL,2,NULL,2,NULL),
	(131,'libreton','4152313364159520','VISA',1,NULL,NULL,88,3,1,'BBVA'),
	(132,'cel','5521891769','TELCEL',3,NULL,NULL,88,NULL,1,NULL),
	(136,'hi','h@h.com',NULL,2,NULL,'1234567890123',90,NULL,1,NULL),
	(137,'2','j@h.com',NULL,2,NULL,'qwertyuiopasd',90,NULL,1,NULL),
	(138,'hola ajuste Nuevo','j@gmail.com',NULL,2,NULL,'yuioplkjhgfds',90,NULL,1,NULL),
	(139,'4','ho@gmail.com',NULL,2,NULL,'hjklajhsgydjk',90,NULL,1,NULL),
	(140,'hola','h@gmail.com',NULL,2,NULL,'jhhklabsjsos ',90,NULL,1,NULL),
	(141,'6','12@gmail.com',NULL,2,NULL,'nnagwhomabaja',90,NULL,1,NULL),
	(142,'7','hello@j.com',NULL,2,NULL,'lljjjjjjjjjjj',90,NULL,1,NULL),
	(143,'8','uiihhh@gmail.com',NULL,2,NULL,'klksbskkskkkk',90,NULL,1,NULL),
	(144,'9','hola@gmail.com',NULL,2,NULL,'kksjbsbkslkvs',90,NULL,1,NULL),
	(145,'10','h@gmail.com',NULL,2,NULL,'langsllahvklj',90,NULL,1,NULL),
	(146,'11','j@gmail.com',NULL,2,NULL,'hjklkjhgfdhjk',90,NULL,1,NULL),
	(147,'12','u@gmail.com',NULL,2,NULL,'hjkjhgffsffff',90,NULL,1,NULL),
	(148,'13','jh@gmail.com',NULL,2,NULL,'jhjhjhjhjhjhj',90,NULL,1,NULL),
	(149,'14','k@gmail.com',NULL,2,NULL,'khhjkjhjjhgff',90,NULL,1,NULL),
	(150,'15','h@gmail.com',NULL,2,NULL,'uyhjiuhjygtrf',90,NULL,1,NULL),
	(151,'PayPay Personal','kissthbw@gmail.com',NULL,2,NULL,'kissthbwpaypa',2,NULL,1,NULL),
	(152,'PayPal esposa','kissthbw@gmail.com',NULL,2,NULL,'kiss-PayPalEs',2,NULL,1,NULL),
	(153,'PayPal esposa','kissthbw@gmail.com',NULL,2,NULL,'kiss-PayPalEs-2',2,NULL,1,NULL),
	(154,'hola','herickov@gmail.com',NULL,2,NULL,'nnkkhhkkjjkkb',90,NULL,1,NULL),
	(155,'mmknnn','h@gmail.com',NULL,2,NULL,'12345678912334',42,NULL,1,NULL),
	(156,'kkk','h@gmail.com',NULL,2,NULL,'mkvvkjjjjjjjjjjjjj',42,NULL,1,NULL),
	(157,'jjkk','7778888988887777','',1,NULL,NULL,42,3,2,'BBVA'),
	(158,'herick','5550679875','TELCEL',3,NULL,NULL,42,NULL,2,NULL),
	(161,'DEBITO','5579 1001 8464 5800',NULL,1,NULL,NULL,2,3,1,'SANTANDER'),
	(162,'D√©bito 2','5579 1001 8464 5800',NULL,1,NULL,NULL,2,3,1,'SANTANDER'),
	(163,'demo ok cambio','herickov@gmail.com',NULL,2,NULL,'jkjjjjjjkkkkl',42,NULL,2,NULL),
	(164,'cuentaprueba','4000 0012 3456 7899','VISA',1,NULL,NULL,73,3,2,'BBVA'),
	(165,'pruebapaypal','prueba@prueba.com',NULL,2,NULL,'S-7FNADHDMHHDM',73,NULL,2,NULL),
	(166,'BBV','4000001234567899','VISA',1,NULL,NULL,73,3,1,'BBVA'),
	(167,'bbv2','4002001234567899','VISA',1,NULL,NULL,73,3,1,'BBVA'),
	(168,'D√©bito','5579 1001 8464 5800',NULL,1,NULL,NULL,81,3,1,'SANTANDER'),
	(169,'pruebapaypal','prueba@prueba.com',NULL,2,NULL,'S-7FNADHDMHHDM',73,NULL,2,NULL),
	(170,'PPP','prueba@prueba.com',NULL,2,NULL,'S-7FNADHDMDHDM',73,NULL,2,NULL),
	(171,'ppp','prueba@prueba.com',NULL,2,NULL,'S-7FNADHDMHHDM',73,NULL,2,NULL),
	(172,'ppp','p@g.com',NULL,2,NULL,'S-7FNADHDMHHDM',73,NULL,2,NULL),
	(173,'ppp','g@g.com',NULL,2,NULL,'S-7FNADHDMHHDM',73,NULL,2,NULL),
	(174,'ggg','g@g.com',NULL,2,NULL,'S-7FNADHDMHHDM',73,NULL,2,NULL),
	(175,'ggg','g@g.com',NULL,2,NULL,'S-7FNADHDMHHDM',73,NULL,2,NULL),
	(176,'ggg','g@g.com',NULL,2,NULL,'S-7FNADHDMHHDM',73,NULL,2,NULL),
	(177,'ppv','g@g.com',NULL,2,NULL,'S-7FNADHDMHHM',73,NULL,2,NULL),
	(178,'ppp','g@g.com',NULL,2,NULL,'S-7FNADHDMHHDM',73,NULL,2,NULL),
	(179,'pg','g@g.com',NULL,2,NULL,'S-7FNADHDMHHDM',73,NULL,2,NULL),
	(180,'hg2020','g@h.com',NULL,2,NULL,'S-7FNAHDHDHDHD',73,NULL,1,NULL),
	(181,'test bbva','765556677778888','',1,NULL,NULL,2,3,1,'BBVA'),
	(182,'test bbvas','765556677778888','',1,NULL,NULL,2,3,1,'BBVA'),
	(183,'test bbv','765556677778888','',1,NULL,NULL,2,3,1,'BBVA'),
	(184,'test bbv1','765556677778888','',1,NULL,NULL,2,3,1,'BBVA'),
	(185,'test bbvd','765556677778888','',1,NULL,NULL,2,3,2,'BBVA'),
	(186,'test bbvd','765556677778888','',1,NULL,NULL,2,3,2,'BBVA'),
	(187,'android cambio','7766666','',1,NULL,NULL,42,3,1,'BBVA'),
	(188,'android cambio','ksj@g.com',NULL,2,NULL,'lsnkkkkkkkkkkk',42,NULL,1,NULL),
	(189,'android con cambio','5550679876','TELCEL',3,NULL,NULL,42,NULL,1,NULL),
	(190,'bbv3','667877665556','',1,NULL,NULL,2,3,1,'BBVA'),
	(191,'demo BBVa','5555 5555 5555 5555',NULL,1,NULL,NULL,42,3,1,'BBVA'),
	(193,'Debito Juan','5579 1001 8464 5800',NULL,1,NULL,NULL,117,3,1,'SANTANDER'),
	(194,'Debito Banorte Juan','4915 6664 3817 0692',NULL,1,NULL,NULL,117,3,1,'SCOTIA BANK'),
	(195,'PayPal Personal','kissthbw@gmail.com',NULL,2,NULL,'PayPalPersona',117,NULL,1,NULL),
	(196,'Personal','5534714616','Telcel',3,NULL,NULL,117,NULL,1,NULL);

/*!40000 ALTER TABLE `medios_bonificacion` ENABLE KEYS */;
UNLOCK TABLES;


# Volcado de tabla problema
# ------------------------------------------------------------

DROP TABLE IF EXISTS `problema`;

CREATE TABLE `problema` (
  `id_problema` int(11) unsigned NOT NULL AUTO_INCREMENT,
  `problema` varchar(500) DEFAULT NULL,
  PRIMARY KEY (`id_problema`)
) ENGINE=InnoDB DEFAULT CHARSET=utf8;

LOCK TABLES `problema` WRITE;
/*!40000 ALTER TABLE `problema` DISABLE KEYS */;

INSERT INTO `problema` (`id_problema`, `problema`)
VALUES
	(1,'Tengo un problema !!!'),
	(2,'Tengo un problema!'),
	(3,'nop se!');

/*!40000 ALTER TABLE `problema` ENABLE KEYS */;
UNLOCK TABLES;


# Volcado de tabla producto
# ------------------------------------------------------------

DROP TABLE IF EXISTS `producto`;

CREATE TABLE `producto` (
  `id_producto` int(11) NOT NULL AUTO_INCREMENT,
  `nombre_producto` varchar(45) NOT NULL,
  `precio` double NOT NULL,
  `codigo_barras` varchar(45) DEFAULT NULL,
  `presentacion` varchar(200) DEFAULT NULL,
  `contenido` varchar(200) NOT NULL,
  `descripcion` varchar(300) DEFAULT NULL,
  `aplica_promocion` tinyint(1) DEFAULT NULL,
  `vigencia_promocion` date DEFAULT NULL,
  `url_imagen_producto` varchar(100) DEFAULT NULL,
  `cantidad_bonificacion` double DEFAULT NULL,
  `banner` int(1) DEFAULT NULL,
  `color_banner` varchar(11) DEFAULT NULL,
  `id_catalogo_marca` int(11) NOT NULL,
  `id_catalogo_tipo_producto` int(11) NOT NULL,
  `id_catalogo_tienda` int(11) DEFAULT NULL,
  `img_url` varchar(200) DEFAULT NULL,
  `active` tinyint(4) DEFAULT '1',
  PRIMARY KEY (`id_producto`),
  KEY `id_catalogo_marca_idx` (`id_catalogo_marca`),
  KEY `id_catalogo_tipo_producto_idx` (`id_catalogo_tipo_producto`),
  KEY `id_catalogo_tienda_idx` (`id_catalogo_tienda`),
  CONSTRAINT `id_catalogo_marca` FOREIGN KEY (`id_catalogo_marca`) REFERENCES `catalogo_marca` (`id_catalogo_marca`) ON DELETE NO ACTION ON UPDATE NO ACTION,
  CONSTRAINT `id_catalogo_tienda` FOREIGN KEY (`id_catalogo_tienda`) REFERENCES `catalogo_tienda` (`id_catalogo_tienda`) ON DELETE NO ACTION ON UPDATE NO ACTION,
  CONSTRAINT `id_catalogo_tipo_producto` FOREIGN KEY (`id_catalogo_tipo_producto`) REFERENCES `catalogo_tipo_producto` (`id_catalogo_tipo_producto`) ON DELETE NO ACTION ON UPDATE NO ACTION
) ENGINE=InnoDB DEFAULT CHARSET=latin1;

LOCK TABLES `producto` WRITE;
/*!40000 ALTER TABLE `producto` DISABLE KEYS */;

INSERT INTO `producto` (`id_producto`, `nombre_producto`, `precio`, `codigo_barras`, `presentacion`, `contenido`, `descripcion`, `aplica_promocion`, `vigencia_promocion`, `url_imagen_producto`, `cantidad_bonificacion`, `banner`, `color_banner`, `id_catalogo_marca`, `id_catalogo_tipo_producto`, `id_catalogo_tienda`, `img_url`, `active`)
VALUES
	(1,'Laptop',0,NULL,NULL,'1 pza','Dispositivo de streaming',0,NULL,NULL,90,0,'#FF6600',2,1,NULL,'',0),
	(2,'Agua Bonafont',0,NULL,NULL,'1 l','Agua natural',0,NULL,NULL,1,0,'#FF6600',1,1,NULL,'http://res.cloudinary.com/shingshing/image/upload/v1582663344/shingshing/productos/Agua%20Bonafont.png',0),
	(3,'Agua Bonafont',0,NULL,NULL,'1.5 lt','Agua natural',0,NULL,NULL,1,0,'#FF6600',1,1,NULL,'',1),
	(4,'Paq 2 Aguas Bonafont',0,NULL,NULL,'1.5 lt','Agua natural',0,NULL,NULL,5,1,'#FF6600',1,1,NULL,'',1),
	(5,'Aceite Quaker State',0,NULL,NULL,'960 ml','Aceite para motor, dale vida tu motor',0,NULL,NULL,10,1,'#FF6600',1,3,NULL,'',1),
	(6,'Cereal Ciniminis',0,NULL,NULL,'900 g','Cereal de trigo con canela',0,NULL,NULL,10,1,'#FF6600',1,1,NULL,'',1),
	(7,'Cereal Kellogs',0,NULL,NULL,'900 g','Cereal clasico de hojuelas de maiz',0,NULL,NULL,10,1,'#FF6600',8,1,NULL,'',1),
	(8,'Burrito Cl√°sico',0,NULL,NULL,'182 g','Burrito de frijoles con queso en tortilla de ',0,NULL,NULL,10,1,'#FF6600',8,1,NULL,'',1),
	(9,'Agua Natural Bonafont',0,NULL,NULL,'1.2 lt','Agua Bonafont con sabor natural',0,NULL,NULL,10,1,'#FF6600',8,1,NULL,'',1),
	(10,'Desodorante en aerosol AXE',0,NULL,NULL,'125 ml','Desodorante en aerosol de 125 ml. con fragancia fresca que dura 24 horas',0,NULL,NULL,7,1,'#FF6600',9,8,NULL,'',1),
	(11,'Aceite 1-2-3 ',0,NULL,NULL,'1 lt','Aceite vegetal comestible, que no contiene colesterol',0,NULL,NULL,7,1,'#FF6600',10,1,NULL,'',1),
	(12,'Colgate triple acci√≥n',0,NULL,NULL,'150 ml','Pasta de dientes xtra frescura, que contiene anticaries con fluor',0,NULL,NULL,2,1,'#FF6600',10,1,NULL,'',1),
	(13,'Cacahuates Herdez',0,NULL,NULL,'250 g','Cacahuates japon√©s, sabor saladillo, crujiente ideal para calmar el hambre',0,NULL,NULL,5,0,'#FF6600',10,1,NULL,'',1),
	(14,'Desodorante Rexona Clinical',0,NULL,NULL,'250 ml','Aerosol en aerosol con olor fresco por 24 hrs',0,NULL,NULL,6,1,'#FF6600',9,8,NULL,'',1),
	(15,'Yougurt Natural Yoplait',0,NULL,NULL,'125 ml','Yogurt para beber Yoplait de sabor natural',0,NULL,NULL,2,1,'#FF6600',10,8,NULL,'',1),
	(16,'Desodorante en aerosol Stefano',0,NULL,NULL,'125 ml','Desodorante en spray para un olor fresco por 12 horas',0,NULL,NULL,3,0,'#FF6600',9,8,NULL,'',1),
	(17,'Desodorante en aerosol Stefano',0,NULL,NULL,'125 ml','Desodorante en aerosol, con fragancia fresca que para tener un olor agradable por hasta 24 horas ',0,NULL,NULL,5,0,'#FF6600',9,8,NULL,'',1),
	(18,'Area para Gato',0,NULL,NULL,'2 Kg','Arena para gato',0,NULL,NULL,2,1,'#FF6600',10,1,NULL,'',1),
	(19,'AMERICANO 5 DEMO',0,NULL,NULL,'BALON DE AMERICANO','BALON DE AMERICANO DE TAMA√ëO REGULAR',0,NULL,NULL,30,1,'#FF6600',11,9,NULL,'',0),
	(20,'PELOTA',18.9,'7506271756965','PELOTA DE PLASTICO','PELOTA DE PLASTICO','PELOTA DE PLASTICO COLOR VERDE, TAMA√ëO REGULAR',0,NULL,'/pelota',2,0,'#FF6600',11,9,3,NULL,0),
	(21,'Jugo Del Valle',0,NULL,NULL,'500 ml','Jugo Del Valle sabor mango',0,NULL,NULL,1,0,'#FF6600',12,1,NULL,'',1),
	(22,'Desodorante en barra Dove',0,NULL,NULL,'50 ml','Desodorante en barra',0,NULL,NULL,4,1,'#FF6600',9,8,NULL,'',1),
	(23,'Nintendo Switch',6999,'978128713','','1 pieza','',1,'2019-10-27','/home/img/chrome.jpg',90,0,'#FF6600',7,2,1,NULL,0),
	(24,'Nintendo Switch',6999,'978128713','','1 pieza','',1,'2019-10-29','/home/img/chrome.jpg',90,0,'#FF6600',7,2,1,NULL,0),
	(25,'Nintendo Switch',6999,'978128713','','1 pieza','',1,'2019-10-29','/home/img/chrome.jpg',99,0,'#FF6600',7,2,1,NULL,0),
	(26,'New Nintendo 3DS',5999,'210134987654','Caja con producto','1 pieza','Consola port√°til de nintendo, con tecnologia 3D',1,NULL,'/new3ds',80,0,'#FF6600',7,2,3,NULL,0),
	(27,'SNES Mini',2999,'210198765409','1 Caja','Consola de videojuegos retro','Revive los mejores juegos del Super Nintendo',0,NULL,'/snes',75,1,'#FF6600',7,2,3,NULL,0),
	(28,'iPhone 7 (Refurbished)',0,NULL,NULL,'Dispositivo Movil Apple reacondicionado','Dispositivo Movil Apple reacondicionado.',0,NULL,NULL,50,1,'#FF6600',6,2,NULL,NULL,0),
	(29,'Nintendo Switch Hola',0,NULL,NULL,'1 pieza','',0,NULL,NULL,100,0,'#FF6600',7,16,NULL,'http://res.cloudinary.com/shingshing/image/upload/v1581443207/shingshing/productos/Nintendo%20Switch.jpg',0),
	(30,'Rancheritos',0,NULL,NULL,'50 gr','Rancheritos',0,NULL,NULL,1,0,'#FF6600',15,1,NULL,'http://res.cloudinary.com/shingshing/image/upload/v1581467902/shingshing/productos/Rancheritos.jpg',1),
	(31,'Papel Higi√©nico P√©talo ',0,NULL,NULL,'4 rollos','Papel higi√©nico con 234 hojas dobles C/U',0,NULL,NULL,5,1,'#FF6600',15,1,NULL,'http://res.cloudinary.com/shingshing/image/upload/v1581399965/shingshing/productos/7506425600397%20Petalo.png',0),
	(32,'Papel Higi√©nico P√©talo',0,NULL,NULL,'4 rollos','Papel higi√©nico con 234 hojas dobles C/U',0,NULL,NULL,2,0,'#FF6600',15,1,NULL,'http://res.cloudinary.com/shingshing/image/upload/v1581399965/shingshing/productos/7506425600397%20Petalo.png',1),
	(33,'Leche Santa Clara',0,NULL,NULL,'200 ml','Leche Entera Ultrapasterurizada',0,NULL,NULL,2,1,'#FF6600',16,14,NULL,'http://res.cloudinary.com/shingshing/image/upload/v1581474253/shingshing/productos/Leche%20Santa%20Clara.jpg',1),
	(34,'Shampoo Stefano',0,NULL,NULL,'532 ml','Shampoo Stefano alpha control ca√≠da para caballero.',0,NULL,NULL,2,1,'#FF6600',17,17,NULL,'http://res.cloudinary.com/shingshing/image/upload/v1581569032/shingshing/productos/Shampoo%20Stefano.png',1),
	(35,'Mega Chamoy',0,NULL,NULL,'1 kg','Mega Salsa de Chamoy ',0,NULL,NULL,1,1,'#FF6600',18,1,NULL,'http://res.cloudinary.com/shingshing/image/upload/v1581574863/shingshing/productos/Mega%20Chamoy.png',1),
	(36,'Huevo San Juan',0,NULL,NULL,'12 pzs','Huevo Blanco San Juan',0,NULL,NULL,1,1,'#FF6600',19,1,NULL,'http://res.cloudinary.com/shingshing/image/upload/v1581568618/shingshing/productos/Huevo%20San%20Juan.png',1),
	(37,'Crema Alpura',0,NULL,NULL,'900 ml','Crema Alpura √°cida regular',0,NULL,NULL,1,1,'#FF6600',20,14,NULL,'http://res.cloudinary.com/shingshing/image/upload/v1581574509/shingshing/productos/Crema%20Alpura.png',1),
	(38,'Pure de Tomate',0,NULL,NULL,'1 kg','Pure de Tomate del Fuerte Natural',0,NULL,NULL,1,1,'#FF6600',21,1,NULL,'http://res.cloudinary.com/shingshing/image/upload/v1581575491/shingshing/productos/Pure%20de%20Tomate.png',1),
	(39,'Yogurth Danone',0,NULL,NULL,'140 g','Yoghurt Danone Mix Sabor Fresa Con Arroz Inflado',0,NULL,NULL,1,1,'#FF6600',22,14,NULL,'http://res.cloudinary.com/shingshing/image/upload/v1581478078/shingshing/productos/Yogurth%20Danone.png',1),
	(40,'Jugo Ades',0,NULL,NULL,'946 ml','Jugo de Soya Ades Sabor Manzana',0,NULL,NULL,0,0,'#FF6600',23,1,NULL,'http://res.cloudinary.com/shingshing/image/upload/v1581479100/shingshing/productos/Jugo%20Ades.png',1),
	(41,'Crema Dental Colgate',0,NULL,NULL,'50 ml','Cema dental con Fl√∫or',0,NULL,NULL,1,1,'#FF6600',24,5,NULL,'http://res.cloudinary.com/shingshing/image/upload/v1581479348/shingshing/productos/Crema%20Dental%20Colgate.png',1),
	(42,'La Lechera',0,NULL,NULL,'387 g','Leche condensada Nestl√© La Lechera',0,NULL,NULL,2,0,'#FF6600',25,1,NULL,'http://res.cloudinary.com/shingshing/image/upload/v1582664004/shingshing/productos/La%20Lechera.png',1),
	(43,'Crema Lala',0,NULL,NULL,'450 ml','Crema Lala Entera Acida ',0,NULL,NULL,2,1,'#FF6600',26,14,NULL,'http://res.cloudinary.com/shingshing/image/upload/v1581480374/shingshing/productos/Crema%20Lala.png',1),
	(44,'Agua natural Epura',0,NULL,NULL,'5 lt','Agua Purificada Epura Natural',0,NULL,NULL,2,1,'#FF6600',27,1,NULL,'http://res.cloudinary.com/shingshing/image/upload/v1581656184/shingshing/productos/AGUA%20NATURAL%20EPURA.png',1),
	(45,'Sof√πl',0,NULL,NULL,'105 g','Sof√∫l Yakult natural sin az√∫car',0,NULL,NULL,1,1,'#FF6600',28,14,NULL,'http://res.cloudinary.com/shingshing/image/upload/v1581481413/shingshing/productos/Sof%C3%B9l.png',1),
	(46,'Avena Granvita',0,NULL,NULL,'35 g','Avena Instant√°nea Integral Con Ar√°ndanos',0,NULL,NULL,1,1,'#FF6600',30,1,NULL,'http://res.cloudinary.com/shingshing/image/upload/v1581653910/shingshing/productos/Avena%20Granvita.png',1),
	(47,'Bebida V8 Splash Kiwifres√≥n',0,NULL,NULL,'200 ml','Bebida V8 Splash Kiwifres√≥n De Zanahoria, Manzana, Kiwi Y Fresa, Con Vitamina A Y C, Sin Conservadores.',0,NULL,NULL,1,0,'#FF6600',31,1,NULL,'',1),
	(48,'Leche Santa Clara',0,NULL,NULL,'1 litro','Leche Santa Clara Entera ',0,NULL,NULL,2,1,'#FF6600',32,14,NULL,'http://res.cloudinary.com/shingshing/image/upload/v1581483756/shingshing/productos/Leche%20Santa%20Clara.png',1),
	(49,'Papel Higi√©nico Kleenex Cottonelle',0,NULL,NULL,'4 rollos','Papel higi√©nico Cottonelle ULTRA ComfortCare \r\n',0,NULL,NULL,1,1,'#FF6600',33,1,NULL,'http://res.cloudinary.com/shingshing/image/upload/v1581657220/shingshing/productos/Papel%20Higi%C3%A9nico%20Kleenex%20Cottonelle.png',1),
	(50,'Yoghurt Lala',0,NULL,NULL,'125 g','Yoghurt Lala Con Fresa',0,NULL,NULL,1,1,'#FF6600',26,14,NULL,'http://res.cloudinary.com/shingshing/image/upload/v1581484962/shingshing/productos/Yoghurt%20Lala.png',1),
	(51,'Agua Bonafont',0,NULL,NULL,'1 lt','Agua Natural Bonafont',0,NULL,NULL,1,1,'#FF6600',1,1,NULL,'http://res.cloudinary.com/shingshing/image/upload/v1582663344/shingshing/productos/Agua%20Bonafont.png',1),
	(52,'Az√∫car',0,NULL,NULL,'1 kg','Az√∫car Est√°ndar',0,NULL,NULL,1,1,'#FF6600',34,1,NULL,'http://res.cloudinary.com/shingshing/image/upload/v1581531092/shingshing/productos/Az%C3%BAcar.png',1),
	(53,'Avena Quaker Instantanea',0,NULL,NULL,'296 g','Avena Quaker Instantanea Nuez, Pasas y Datiles \r\n',0,NULL,NULL,2,1,'#FF6600',35,1,NULL,'http://res.cloudinary.com/shingshing/image/upload/v1581487779/shingshing/productos/Avena%20Quaker%20Instantanea.png',1),
	(54,'Crema Alpura Selecta',0,NULL,NULL,'450 ml','Crema Alpura Selecta Premium',0,NULL,NULL,2,0,'#FF6600',20,14,NULL,'http://res.cloudinary.com/shingshing/image/upload/v1581490033/shingshing/productos/Crema%20Alpura%20Selecta.png',1),
	(55,'Leche Lala',0,NULL,NULL,'1 litro','Leche Lala Light Ultrapasteurizada\r\n',0,NULL,NULL,1,1,'#FF6600',26,14,NULL,'http://res.cloudinary.com/shingshing/image/upload/v1581491642/shingshing/productos/Leche%20Lala.png',1),
	(56,'Limpiador Fabuloso',0,NULL,NULL,'1 litro','Fabuloso Limpiador liquido multiusos Frescura Activa Antibacterial',0,NULL,NULL,1,1,'#FF6600',36,18,NULL,'http://res.cloudinary.com/shingshing/image/upload/v1582663303/shingshing/productos/Limpiador%20Fabuloso.png',1),
	(57,'Axion',0,NULL,NULL,'750 ml','Lavatrastes l√≠quido Axion aroma lim√≥n ',0,NULL,NULL,1,1,'#FF6600',37,18,NULL,'http://res.cloudinary.com/shingshing/image/upload/v1582663258/shingshing/productos/Axion.png',1),
	(58,'Axion',0,NULL,NULL,'640  ml','Lavatrastes l√≠quido Axion Complete Antibacterial',0,NULL,NULL,1,1,'#FF6600',37,18,NULL,'http://res.cloudinary.com/shingshing/image/upload/v1581651879/shingshing/productos/Axion.png',1),
	(59,'Ganchos Inova',0,NULL,NULL,'10 ganchos','Set de 10 Ganchos Inova Abadimex Premium Azul',0,NULL,NULL,2,1,'#FF6600',38,16,NULL,'http://res.cloudinary.com/shingshing/image/upload/v1581577269/shingshing/productos/Ganchos%20Inova.png',1),
	(60,'Shampoo Tressem√©',0,NULL,NULL,'100 ml','Shampoo Tressem√© Smooth and Silky',0,NULL,NULL,2,1,'#FF6600',39,17,NULL,'http://res.cloudinary.com/shingshing/image/upload/v1581577018/shingshing/productos/Shampoo%20Tressem%C3%A9.png',1),
	(61,'Tostadas',0,NULL,NULL,'360 g','Tostadas Milpa Real onduladas',0,NULL,NULL,1,1,'#FF6600',40,14,NULL,'http://res.cloudinary.com/shingshing/image/upload/v1581575590/shingshing/productos/Tostadas.png',1),
	(62,'Tortillas de Harinas',0,NULL,NULL,'12 pzas','Tortillinas T√≠a Rosa de Harina ',0,NULL,NULL,1,1,'#FF6600',41,14,NULL,'http://res.cloudinary.com/shingshing/image/upload/v1581575645/shingshing/productos/Tortillas%20de%20Harina.png',1),
	(63,'Avena instantanea',0,NULL,NULL,'1412 g','Cereal Quaker Instant de avena variedad de sabores.',0,NULL,NULL,1,1,'#FF6600',35,1,NULL,'http://res.cloudinary.com/shingshing/image/upload/v1581576397/shingshing/productos/Avena%20instantanea.png',1),
	(64,'Avena Quaker',0,NULL,NULL,'475 g','Avena Quaker de hojuela natural',0,NULL,NULL,1,0,'#FF6600',35,1,NULL,'http://res.cloudinary.com/shingshing/image/upload/v1581576019/shingshing/productos/Avena%20Quaker.png',1),
	(65,'Agua Levite Bonafont',0,NULL,NULL,'1 litro','Levite Agua cl√°sica sabor Pi√±a-coco',0,NULL,NULL,2,1,'#FF6600',1,1,NULL,'http://res.cloudinary.com/shingshing/image/upload/v1581576847/shingshing/productos/Agua%20Levite%20Bonafont.png',1),
	(66,'Hola',0,NULL,NULL,'Hola','',0,NULL,NULL,0,0,'#FF6600',2,3,NULL,'',0),
	(67,'Prueba',0,NULL,NULL,'Prueba','hola hola',0,NULL,NULL,5,1,'#FF6600',18,11,NULL,'',0),
	(68,'Prueba',0,NULL,NULL,'-mnbhjklkjhnbnxxxxx','',0,NULL,NULL,0,0,'#FF6600',2,3,NULL,'',0),
	(69,'hola!',0,NULL,NULL,'hola!','',0,NULL,NULL,1,0,'#FF6600',1,1,NULL,'',0),
	(70,'hola!',0,NULL,NULL,'hola!','',0,NULL,NULL,5,0,'#FF6600',1,1,NULL,'',0),
	(71,'hola',0,NULL,NULL,'hola','hola',0,NULL,NULL,6,1,'#FF6600',3,3,NULL,'',0),
	(72,'Demo',0,NULL,NULL,'1 l','',0,NULL,NULL,0,0,'#FF6600',1,1,NULL,'',0),
	(73,'Pelota amarrilla',0,NULL,NULL,'1 pza','Es una pelota de color amarillo, olor banana.',0,NULL,NULL,2,0,'#FF6600',1,9,NULL,'http://res.cloudinary.com/shingshing/image/upload/v1582667790/shingshing/productos/Pelota%20amarrilla.png',0),
	(74,'Desodorante en aerosol Stefano',0,NULL,NULL,'s','ss',0,NULL,NULL,0,0,'#FF6600',14,1,NULL,'',0),
	(75,'Demoo',0,NULL,NULL,'demoo','hola',0,NULL,NULL,3,0,'#FF6600',14,1,NULL,'',0),
	(76,'Bug',0,NULL,NULL,'--...','aaaa',0,NULL,NULL,0,0,'#FF6600',14,1,NULL,'',0),
	(77,'Pruebaaaaa',0,NULL,NULL,'1 lt','hola descripci√≥n!',0,NULL,NULL,4,1,'#FF00C2',17,9,NULL,'',1);

/*!40000 ALTER TABLE `producto` ENABLE KEYS */;
UNLOCK TABLES;


# Volcado de tabla producto_favorito
# ------------------------------------------------------------

DROP TABLE IF EXISTS `producto_favorito`;

CREATE TABLE `producto_favorito` (
  `id` int(11) NOT NULL AUTO_INCREMENT,
  `id_usuario` int(11) NOT NULL,
  `id_producto` int(11) NOT NULL,
  PRIMARY KEY (`id`),
  KEY `id_usuario_idx` (`id_usuario`),
  KEY `id_producto_idx` (`id_producto`),
  CONSTRAINT `id_producto` FOREIGN KEY (`id_producto`) REFERENCES `producto` (`id_producto`) ON DELETE NO ACTION ON UPDATE NO ACTION,
  CONSTRAINT `id_usuario` FOREIGN KEY (`id_usuario`) REFERENCES `usuario` (`id_usuario`) ON DELETE NO ACTION ON UPDATE NO ACTION
) ENGINE=InnoDB DEFAULT CHARSET=latin1;

LOCK TABLES `producto_favorito` WRITE;
/*!40000 ALTER TABLE `producto_favorito` DISABLE KEYS */;

INSERT INTO `producto_favorito` (`id`, `id_usuario`, `id_producto`)
VALUES
	(1,2,63),
	(2,2,60),
	(3,2,57),
	(5,2,61),
	(8,2,64),
	(14,107,5),
	(15,107,41),
	(17,42,74),
	(18,42,62),
	(21,42,65),
	(23,42,56);

/*!40000 ALTER TABLE `producto_favorito` ENABLE KEYS */;
UNLOCK TABLES;


# Volcado de tabla producto_valoracion
# ------------------------------------------------------------

DROP TABLE IF EXISTS `producto_valoracion`;

CREATE TABLE `producto_valoracion` (
  `id_producto_valoracion` int(11) NOT NULL AUTO_INCREMENT,
  `valoracion` int(11) NOT NULL,
  `comentario` varchar(200) NOT NULL,
  `producto_id_producto` int(11) NOT NULL,
  `usuario_id_usuario` int(11) NOT NULL,
  PRIMARY KEY (`id_producto_valoracion`),
  KEY `fk_producto_valoracion_producto1_idx` (`producto_id_producto`),
  KEY `fk_producto_valoracion_usuario1_idx` (`usuario_id_usuario`),
  CONSTRAINT `fk_producto_valoracion_producto1` FOREIGN KEY (`producto_id_producto`) REFERENCES `producto` (`id_producto`) ON DELETE NO ACTION ON UPDATE NO ACTION,
  CONSTRAINT `fk_producto_valoracion_usuario1` FOREIGN KEY (`usuario_id_usuario`) REFERENCES `usuario` (`id_usuario`) ON DELETE NO ACTION ON UPDATE NO ACTION
) ENGINE=InnoDB DEFAULT CHARSET=latin1;

LOCK TABLES `producto_valoracion` WRITE;
/*!40000 ALTER TABLE `producto_valoracion` DISABLE KEYS */;

INSERT INTO `producto_valoracion` (`id_producto_valoracion`, `valoracion`, `comentario`, `producto_id_producto`, `usuario_id_usuario`)
VALUES
	(1,4,'',61,2),
	(2,1,'',64,2),
	(3,1,'',76,107),
	(4,4,'',75,107),
	(5,3,'',5,107),
	(6,1,'',41,107),
	(7,0,'',76,84),
	(8,0,'',75,84),
	(9,0,'',65,42),
	(10,0,'',56,42),
	(11,0,'',64,42),
	(12,0,'',63,42),
	(13,0,'',5,42),
	(14,4,'',77,42);

/*!40000 ALTER TABLE `producto_valoracion` ENABLE KEYS */;
UNLOCK TABLES;


# Volcado de tabla productos_tiendas
# ------------------------------------------------------------

DROP TABLE IF EXISTS `productos_tiendas`;

CREATE TABLE `productos_tiendas` (
  `id_producto_tienda` int(11) NOT NULL AUTO_INCREMENT,
  `producto_tienda` varchar(45) NOT NULL,
  `id_producto` int(11) NOT NULL,
  `id_catalogo_tienda` int(11) NOT NULL,
  PRIMARY KEY (`id_producto_tienda`),
  KEY `fk_id_producto` (`id_producto`),
  KEY `fk_id_catalogo_tienda` (`id_catalogo_tienda`),
  CONSTRAINT `fk_id_catalogo_tienda` FOREIGN KEY (`id_catalogo_tienda`) REFERENCES `catalogo_tienda` (`id_catalogo_tienda`) ON DELETE NO ACTION ON UPDATE NO ACTION,
  CONSTRAINT `fk_id_producto` FOREIGN KEY (`id_producto`) REFERENCES `producto` (`id_producto`)
) ENGINE=InnoDB DEFAULT CHARSET=latin1;

LOCK TABLES `productos_tiendas` WRITE;
/*!40000 ALTER TABLE `productos_tiendas` DISABLE KEYS */;

INSERT INTO `productos_tiendas` (`id_producto_tienda`, `producto_tienda`, `id_producto`, `id_catalogo_tienda`)
VALUES
	(1,'AXE-WALMART',10,3),
	(2,'AXE-NETO',10,2),
	(3,'AXE-OXXO',10,1),
	(4,'STEFANO AERO',17,3),
	(5,'',28,3),
	(6,'',28,2),
	(7,'',28,1),
	(8,'',29,3),
	(9,'',29,2),
	(10,'',29,1),
	(11,'R-kmart',30,5),
	(12,'R-7eleven',30,4),
	(13,'R-walmart',30,3),
	(14,'R-neto',30,2),
	(15,'R-oxxo',30,1),
	(26,'7501025511005 YAKULT BEB',30,3),
	(27,'',30,2),
	(28,'',30,1),
	(29,'',19,3),
	(30,'',19,2),
	(31,'',19,1),
	(32,'345678765432123456789',9,3),
	(33,'',9,2),
	(34,'',9,1),
	(35,'7506425600397 Petalo ',31,3),
	(36,'',31,2),
	(37,'',31,1),
	(38,'7506425600397 Petalo ',32,3),
	(39,'',32,2),
	(40,'',32,1),
	(41,'',33,8),
	(42,'',33,7),
	(43,'',33,6),
	(44,'',33,5),
	(45,'',33,4),
	(46,'7501295600089 SCLARAENTERA',33,3),
	(47,'',33,2),
	(48,'',33,1),
	(49,'',34,8),
	(50,'',34,7),
	(51,'',34,6),
	(52,'',34,5),
	(53,'',34,4),
	(54,'7509546077956 STEFANO SH ',34,3),
	(55,'',34,2),
	(56,'',34,1),
	(57,'',35,8),
	(58,'',35,7),
	(59,'',35,6),
	(60,'',35,5),
	(61,'',35,4),
	(62,'738545020626 MEGA CHAMOY',35,3),
	(63,'',35,2),
	(64,'',35,1),
	(65,'',2,8),
	(66,'',2,7),
	(67,'',2,6),
	(68,'',2,5),
	(69,'',2,4),
	(70,'',2,3),
	(71,'',2,2),
	(72,'',2,1),
	(73,'',36,8),
	(74,'',36,7),
	(75,'',36,6),
	(76,'',36,5),
	(77,'',36,4),
	(78,'7503000555011 SJUAN HVO',36,3),
	(79,'',36,2),
	(80,'',36,1),
	(81,'',37,8),
	(82,'',37,7),
	(83,'',37,6),
	(84,'',37,5),
	(85,'',37,4),
	(86,'7501055903924 ALPURA CRE',37,3),
	(87,'',37,2),
	(88,'',37,1),
	(89,'',38,8),
	(90,'',38,7),
	(91,'',38,6),
	(92,'',38,5),
	(93,'',38,4),
	(94,'7501079700011 DFUERTE PU',38,3),
	(95,'',38,2),
	(96,'',38,1),
	(97,'',39,8),
	(98,'',39,7),
	(99,'',39,6),
	(100,'',39,5),
	(101,'',39,4),
	(102,'7501032395230 DANONE140G',39,3),
	(103,'',39,2),
	(104,'',39,1),
	(105,'',40,8),
	(106,'',40,7),
	(107,'',40,6),
	(108,'',40,5),
	(109,'',40,4),
	(110,'7501005102667 ADES JUGO',40,3),
	(111,'',40,2),
	(112,'',40,1),
	(113,'',41,8),
	(114,'',41,7),
	(115,'',41,6),
	(116,'',41,5),
	(117,'',41,4),
	(118,'632971598608 COLGATE',41,3),
	(119,'',41,2),
	(120,'',41,1),
	(121,'',42,8),
	(122,'',42,7),
	(123,'',42,6),
	(124,'',42,5),
	(125,'',42,4),
	(126,'7501058651662 LECHERA SF',42,3),
	(127,'',42,2),
	(128,'',42,1),
	(129,'',43,8),
	(130,'',43,7),
	(131,'',43,6),
	(132,'',43,5),
	(133,'',43,4),
	(134,'7501020511451 LALA CREMA',43,3),
	(135,'',43,2),
	(136,'',43,1),
	(137,'',44,8),
	(138,'',44,7),
	(139,'',44,6),
	(140,'',44,5),
	(141,'',44,4),
	(142,'AGUA NATURAL EPURA 5 LT',44,3),
	(143,'',44,2),
	(144,'',44,1),
	(145,'',45,8),
	(146,'',45,7),
	(147,'',45,6),
	(148,'ALIME LAC SOFUL',45,5),
	(149,'',45,4),
	(150,'',45,3),
	(151,'',45,2),
	(152,'',45,1),
	(153,'',46,8),
	(154,'',46,7),
	(155,'',46,6),
	(156,'AVENA GRANVITA 35GR',46,5),
	(157,'',46,4),
	(158,'',46,3),
	(159,'',46,2),
	(160,'',46,1),
	(161,'',47,8),
	(162,'',47,7),
	(163,'',47,6),
	(164,'JUGO V8 SPLASH KIWI FRES',47,5),
	(165,'',47,4),
	(166,'',47,3),
	(167,'',47,2),
	(168,'',47,1),
	(169,'',48,8),
	(170,'',48,7),
	(171,'',48,6),
	(172,'LECHE ULTRA SANTA CLAR 1',48,5),
	(173,'',48,4),
	(174,'',48,3),
	(175,'',48,2),
	(176,'',48,1),
	(177,'',49,8),
	(178,'',49,7),
	(179,'',49,6),
	(180,'PAPEL PU COTTONELLE 4ROL',49,5),
	(181,'',49,4),
	(182,'',49,3),
	(183,'',49,2),
	(184,'',49,1),
	(185,'',50,8),
	(186,'',50,7),
	(187,'',50,6),
	(188,'YOGHURT LALA 125GR',50,5),
	(189,'',50,4),
	(190,'',50,3),
	(191,'',50,2),
	(192,'',50,1),
	(193,'',51,8),
	(194,'',51,7),
	(195,'',51,6),
	(196,'AGUA NATURAL BONAFONT',51,5),
	(197,'',51,4),
	(198,'',51,3),
	(199,'',51,2),
	(200,'',51,1),
	(201,'',52,8),
	(202,'',52,7),
	(203,'',52,6),
	(204,'AZUCAR SORIANA 1KG',52,5),
	(205,'',52,4),
	(206,'',52,3),
	(207,'',52,2),
	(208,'',52,1),
	(209,'',53,8),
	(210,'',53,7),
	(211,'000 Avena Quaker Nuez',53,6),
	(212,'',53,5),
	(213,'',53,4),
	(214,'',53,3),
	(215,'',53,2),
	(216,'',53,1),
	(217,'7501055905034 ALPURA SEL ',54,8),
	(218,'',54,7),
	(219,'',54,6),
	(220,'',54,5),
	(221,'',54,4),
	(222,'',54,3),
	(223,'',54,2),
	(224,'',54,1),
	(225,'7501020547054 LALA LIGHT',55,8),
	(226,'',55,7),
	(227,'',55,6),
	(228,'',55,5),
	(229,'',55,4),
	(230,'',55,3),
	(231,'',55,2),
	(232,'',55,1),
	(233,'750035910041 FABULOSO 1',56,8),
	(234,'',56,7),
	(235,'',56,6),
	(236,'',56,5),
	(237,'',56,4),
	(238,'',56,3),
	(239,'',56,2),
	(240,'',56,1),
	(241,'7509546076218 AXION 64 OM',57,8),
	(242,'',57,7),
	(243,'',57,6),
	(244,'',57,5),
	(245,'',57,4),
	(246,'',57,3),
	(247,'',57,2),
	(248,'',57,1),
	(249,'7509546078397 AXION 640',58,8),
	(250,'',58,7),
	(251,'',58,6),
	(252,'',58,5),
	(253,'',58,4),
	(254,'',58,3),
	(255,'',58,2),
	(256,'',58,1),
	(257,'',59,8),
	(258,'',59,7),
	(259,'',59,6),
	(260,'',59,5),
	(261,'',59,4),
	(262,'7503025465074 GANCHO INF',59,3),
	(263,'',59,2),
	(264,'',59,1),
	(265,'',60,8),
	(266,'',60,7),
	(267,'',60,6),
	(268,'',60,5),
	(269,'',60,4),
	(270,'630509826452 TRS HAIR HU',60,3),
	(271,'',60,2),
	(272,'',60,1),
	(273,'',61,8),
	(274,'',61,7),
	(275,'',61,6),
	(276,'',61,5),
	(277,'',61,4),
	(278,'7501030457756 TOSTADA',61,3),
	(279,'',61,2),
	(280,'',61,1),
	(281,'',62,8),
	(282,'',62,7),
	(283,'',62,6),
	(284,'',62,5),
	(285,'',62,4),
	(286,'7501640111017 TORTILAS',62,3),
	(287,'',62,2),
	(288,'',62,1),
	(289,'',63,8),
	(290,'',63,7),
	(291,'',63,6),
	(292,'',63,5),
	(293,'',63,4),
	(294,'094331198758 AVENA INSTA',63,3),
	(295,'',63,2),
	(296,'',63,1),
	(297,'',64,8),
	(298,'',64,7),
	(299,'',64,6),
	(300,'',64,5),
	(301,'',64,4),
	(302,'094331238744 AVENA',64,3),
	(303,'',64,2),
	(304,'',64,1),
	(305,'',65,8),
	(306,'',65,7),
	(307,'',65,6),
	(308,'',65,5),
	(309,'',65,4),
	(310,'758104006359 LEVITE INF ',65,3),
	(311,'',65,2),
	(312,'',65,1),
	(313,'',16,8),
	(314,'',16,7),
	(315,'',16,6),
	(316,'',16,5),
	(317,'',16,4),
	(318,'',16,3),
	(319,'',16,2),
	(320,'',16,1),
	(321,'',66,8),
	(322,'',66,7),
	(323,'',66,6),
	(324,'',66,5),
	(325,'',66,4),
	(326,'',66,3),
	(327,'',66,2),
	(328,'345678765432123456789',67,8),
	(329,'',67,7),
	(330,'',67,6),
	(331,'',67,5),
	(332,'',67,4),
	(333,'',67,3),
	(334,'',67,2),
	(335,'',22,8),
	(336,'',22,7),
	(337,'',22,6),
	(338,'',22,5),
	(339,'',22,4),
	(340,'',22,3),
	(341,'',22,2),
	(342,'',68,8),
	(343,'',68,7),
	(344,'',68,6),
	(345,'',68,5),
	(346,'',68,4),
	(347,'',68,3),
	(348,'',68,2),
	(349,'',1,8),
	(350,'',1,7),
	(351,'',1,6),
	(352,'',1,5),
	(353,'',1,4),
	(354,'',1,3),
	(355,'',1,2),
	(356,'',1,1),
	(357,'',5,8),
	(358,'',5,7),
	(359,'',5,6),
	(360,'',5,5),
	(361,'',5,4),
	(362,'',5,3),
	(363,'',5,2),
	(364,'',5,1),
	(365,'',6,8),
	(366,'',6,7),
	(367,'',6,6),
	(368,'',6,5),
	(369,'',6,4),
	(370,'',6,3),
	(371,'',6,2),
	(372,'',6,1),
	(373,'',7,8),
	(374,'',7,7),
	(375,'',7,6),
	(376,'',7,5),
	(377,'',7,4),
	(378,'',7,3),
	(379,'',7,2),
	(380,'',7,1),
	(381,'',8,8),
	(382,'',8,7),
	(383,'',8,6),
	(384,'',8,5),
	(385,'',8,4),
	(386,'',8,3),
	(387,'',8,2),
	(388,'',8,1),
	(389,'demo',4,8),
	(390,'',4,7),
	(391,'',4,6),
	(392,'',4,5),
	(393,'',4,4),
	(394,'',4,3),
	(395,'',4,2),
	(396,'',4,1),
	(397,'demo',3,8),
	(398,'',3,7),
	(399,'',3,6),
	(400,'',3,5),
	(401,'',3,4),
	(402,'',3,3),
	(403,'',3,2),
	(404,'',3,1),
	(405,'demo',11,8),
	(406,'',11,7),
	(407,'',11,6),
	(408,'',11,5),
	(409,'',11,4),
	(410,'',11,3),
	(411,'',11,2),
	(412,'',11,1),
	(413,'',12,8),
	(414,'',12,7),
	(415,'',12,6),
	(416,'',12,5),
	(417,'',12,4),
	(418,'',12,3),
	(419,'',12,2),
	(420,'',12,1),
	(421,'',13,8),
	(422,'',13,7),
	(423,'',13,6),
	(424,'',13,5),
	(425,'',13,4),
	(426,'',13,3),
	(427,'',13,2),
	(428,'',13,1),
	(429,'',14,8),
	(430,'',14,7),
	(431,'',14,6),
	(432,'',14,5),
	(433,'',14,4),
	(434,'',14,3),
	(435,'',14,2),
	(436,'',14,1),
	(437,'',15,8),
	(438,'',15,7),
	(439,'',15,6),
	(440,'',15,5),
	(441,'',15,4),
	(442,'',15,3),
	(443,'',15,2),
	(444,'',15,1),
	(445,'',18,8),
	(446,'',18,7),
	(447,'',18,6),
	(448,'',18,5),
	(449,'',18,4),
	(450,'',18,3),
	(451,'',18,2),
	(452,'',18,1),
	(453,'',21,8),
	(454,'',21,7),
	(455,'',21,6),
	(456,'',21,5),
	(457,'',21,4),
	(458,'',21,3),
	(459,'',21,2),
	(460,'',21,1),
	(461,'',69,8),
	(462,'',69,7),
	(463,'',69,6),
	(464,'',69,5),
	(465,'',69,4),
	(466,'',69,3),
	(467,'',69,2),
	(468,'',69,1),
	(469,'',70,8),
	(470,'',70,7),
	(471,'',70,6),
	(472,'',70,5),
	(473,'',70,4),
	(474,'',70,3),
	(475,'',70,2),
	(476,'',70,1),
	(477,'',71,8),
	(478,'',71,7),
	(479,'98765432qw3456789',71,6),
	(480,'',71,5),
	(481,'',71,4),
	(482,'',71,3),
	(483,'',71,2),
	(484,'',71,1),
	(485,'',72,8),
	(486,'',72,7),
	(487,'',72,6),
	(488,'',72,5),
	(489,'',72,4),
	(490,'',72,3),
	(491,'',72,2),
	(492,'',72,1),
	(493,'7506425600397 Petalo ',73,8),
	(494,'6545654354',73,7),
	(495,'341342345324r3',73,6),
	(496,'',73,5),
	(497,'',73,4),
	(498,'',73,3),
	(499,'',73,2),
	(500,'',73,1),
	(501,'s',74,8),
	(502,'',74,7),
	(503,'',74,6),
	(504,'',74,5),
	(505,'',74,4),
	(506,'',74,3),
	(507,'',74,2),
	(508,'',74,1),
	(509,'ee',75,8),
	(510,'',75,7),
	(511,'',75,6),
	(512,'',75,5),
	(513,'',75,4),
	(514,'',75,3),
	(515,'',75,2),
	(516,'',75,1),
	(517,'aa',76,12),
	(518,'',76,8),
	(519,'',76,7),
	(520,'',76,6),
	(521,'',76,5),
	(522,'',76,4),
	(523,'',76,3),
	(524,'',76,2),
	(525,'',76,1),
	(526,'345678765432123456789',77,18),
	(527,'',77,17),
	(528,'',77,16),
	(529,'',77,14),
	(530,'',77,13),
	(531,'',77,7),
	(532,'',77,4),
	(533,'',77,3),
	(534,'',77,1);

/*!40000 ALTER TABLE `productos_tiendas` ENABLE KEYS */;
UNLOCK TABLES;


# Volcado de tabla proveedor
# ------------------------------------------------------------

DROP TABLE IF EXISTS `proveedor`;

CREATE TABLE `proveedor` (
  `id` int(11) NOT NULL AUTO_INCREMENT,
  `nombre` varchar(45) DEFAULT NULL,
  `email` varchar(45) NOT NULL,
  `password` varchar(45) NOT NULL,
  `id_marca` int(11) DEFAULT NULL,
  `active` tinyint(1) DEFAULT '1',
  PRIMARY KEY (`id`),
  KEY `fk_proveedor_marca_idx` (`id_marca`),
  CONSTRAINT `fk_proveedor_marca` FOREIGN KEY (`id_marca`) REFERENCES `catalogo_marca` (`id_catalogo_marca`) ON DELETE NO ACTION ON UPDATE NO ACTION
) ENGINE=InnoDB DEFAULT CHARSET=latin1;

LOCK TABLES `proveedor` WRITE;
/*!40000 ALTER TABLE `proveedor` DISABLE KEYS */;

INSERT INTO `proveedor` (`id`, `nombre`, `email`, `password`, `id_marca`, `active`)
VALUES
	(1,NULL,'kissthbw@gmail.com','kissthbw',7,1),
	(2,NULL,'kissthbw@hotmail.com','12345678',15,1),
	(3,NULL,'lab92mx@gmail.com','123456789',14,1),
	(4,NULL,'8ures92@gmail.com','12345678',36,1);

/*!40000 ALTER TABLE `proveedor` ENABLE KEYS */;
UNLOCK TABLES;


# Volcado de tabla proveedor_authority
# ------------------------------------------------------------

DROP TABLE IF EXISTS `proveedor_authority`;

CREATE TABLE `proveedor_authority` (
  `authority_id` int(11) DEFAULT NULL,
  `proveedor_id` int(11) DEFAULT NULL,
  KEY `fk_authority_p_idx` (`authority_id`),
  KEY `fk_proveedor_idx` (`proveedor_id`),
  CONSTRAINT `fk_authority_p` FOREIGN KEY (`authority_id`) REFERENCES `authority` (`id`) ON DELETE NO ACTION ON UPDATE NO ACTION,
  CONSTRAINT `fk_proveedor` FOREIGN KEY (`proveedor_id`) REFERENCES `proveedor` (`id`) ON DELETE NO ACTION ON UPDATE NO ACTION
) ENGINE=InnoDB DEFAULT CHARSET=latin1;

LOCK TABLES `proveedor_authority` WRITE;
/*!40000 ALTER TABLE `proveedor_authority` DISABLE KEYS */;

INSERT INTO `proveedor_authority` (`authority_id`, `proveedor_id`)
VALUES
	(1,3),
	(1,4),
	(1,1),
	(1,2);

/*!40000 ALTER TABLE `proveedor_authority` ENABLE KEYS */;
UNLOCK TABLES;


# Volcado de tabla sugerencia_producto
# ------------------------------------------------------------

DROP TABLE IF EXISTS `sugerencia_producto`;

CREATE TABLE `sugerencia_producto` (
  `id` int(11) NOT NULL AUTO_INCREMENT,
  `nombre_producto` varchar(200) DEFAULT NULL,
  `id_usuario` int(11) DEFAULT NULL,
  PRIMARY KEY (`id`),
  KEY `id_usuario_idx` (`id_usuario`),
  CONSTRAINT `id_usuario_sugerencia` FOREIGN KEY (`id_usuario`) REFERENCES `usuario` (`id_usuario`) ON DELETE NO ACTION ON UPDATE NO ACTION
) ENGINE=InnoDB DEFAULT CHARSET=latin1;

LOCK TABLES `sugerencia_producto` WRITE;
/*!40000 ALTER TABLE `sugerencia_producto` DISABLE KEYS */;

INSERT INTO `sugerencia_producto` (`id`, `nombre_producto`, `id_usuario`)
VALUES
	(1,'arroz',73),
	(2,'bacardi',88),
	(3,'CHILES RELLENOS',89),
	(4,'videojuegos',2),
	(5,'Videojuegos',2),
	(6,'videojuegos ',2),
	(7,'Videojuegos ',2),
	(8,'Gadgets',2),
	(9,'Juegos',2),
	(10,'Juegos',2),
	(11,'PCs',2),
	(12,'Dulces',2),
	(13,'Magazine ',2),
	(14,'Victoria ',97),
	(15,'Botanas',2),
	(16,'Computadoras',2),
	(17,NULL,NULL),
	(18,NULL,NULL),
	(19,NULL,NULL),
	(20,NULL,NULL),
	(21,NULL,NULL),
	(22,'hola !',42),
	(23,'Electr√≥nicos ',117);

/*!40000 ALTER TABLE `sugerencia_producto` ENABLE KEYS */;
UNLOCK TABLES;


# Volcado de tabla ticket
# ------------------------------------------------------------

DROP TABLE IF EXISTS `ticket`;

CREATE TABLE `ticket` (
  `id_ticket` int(11) NOT NULL AUTO_INCREMENT,
  `nombre_tienda` varchar(45) NOT NULL,
  `sucursal` varchar(45) NOT NULL,
  `fecha` date NOT NULL,
  `hora` time DEFAULT NULL,
  `subtotal` double NOT NULL,
  `iva` double NOT NULL,
  `total` double NOT NULL,
  `ticket_tienda` varchar(45) DEFAULT NULL,
  `ticket_subtienda` varchar(45) DEFAULT NULL,
  `ticket_transaccion` varchar(45) DEFAULT NULL,
  `ticket_fecha` varchar(10) DEFAULT NULL,
  `ticket_hora` varchar(16) DEFAULT NULL,
  PRIMARY KEY (`id_ticket`)
) ENGINE=InnoDB DEFAULT CHARSET=latin1;

LOCK TABLES `ticket` WRITE;
/*!40000 ALTER TABLE `ticket` DISABLE KEYS */;

INSERT INTO `ticket` (`id_ticket`, `nombre_tienda`, `sucursal`, `fecha`, `hora`, `subtotal`, `iva`, `total`, `ticket_tienda`, `ticket_subtienda`, `ticket_transaccion`, `ticket_fecha`, `ticket_hora`)
VALUES
	(44,'Grupo Walmart','Plaza Jardin','2019-07-04','13:18:09',91.56,17.44,109,'WALMART','','TDA#2670OP#00000214TE#003TR#08103','20/07/19','11:04'),
	(45,'Grupo Walmart','Plaza Jardin','2019-12-04','13:18:09',91.56,17.44,109,'WALMART','','TDA#2670OP#00000214TE#003TR#08104','20/07/19','11:04'),
	(46,'Grupo Walmart','Plaza Jardin','2019-12-05','13:18:09',91.56,17.44,109,'WALMART','','TDA#2670OP#00000214TE#003TR#08105','20/07/19','11:04'),
	(47,'Grupo Walmart','Plaza Jardin','2019-05-21','19:18:01',91.56,17.44,109,NULL,NULL,NULL,NULL,NULL),
	(48,'Grupo Walmart','Plaza Jardin','2020-01-20','13:18:09',91.56,17.44,109,'WALMART','','TDA#2670OP#00000214TE#003TR#08106','20/01/20','11:04'),
	(49,'Oxxo','Plaza Jardin','2020-01-20','13:18:10',91.56,17.44,109,'Oxxo','','TDA#2670OP#00000214TE#003TR#08107','20/01/20','11:10'),
	(50,'Oxxo','Plaza Jardin','2019-12-20','13:18:10',91.56,17.44,109,'Oxxo','','TDA#2670OP#00000214TE#003TR#08007','19/12/20','11:10'),
	(51,'Grupo Walmart','Plaza Jardin','2019-05-21','22:37:07',91.56,17.44,109,NULL,NULL,NULL,NULL,NULL),
	(52,'WALMART','','2020-03-11',NULL,2,0,2,'WALMART',NULL,'TDA#2229OP#00000027TE#002TR#07528','',''),
	(53,'Oxxo','Plaza Jardin','2020-04-20','15:18:10',91.56,17.44,109,'Oxxo','','TDA#2670OP#00000214TE#028TR#00001','28/04/20','15:34'),
	(54,'Oxxo','Plaza Jardin','2020-04-20','15:18:10',91.56,17.44,109,'Oxxo','','TDA#2670OP#00000214TE#028TR#00002','28/04/20','15:34'),
	(55,'Oxxo','Plaza Jardin','2020-04-20','15:18:10',91.56,17.44,109,'Oxxo','','TDA#2670OP#00000214TE#028TR#00003','28/04/20','15:34'),
	(56,'Oxxo','Plaza Jardin','2020-04-20','15:18:10',91.56,17.44,109,'Oxxo','','TDA#2670OP#00000214TE#028TR#00004','28/04/20','15:34'),
	(57,'Oxxo','Plaza Jardin','2020-04-20','15:18:10',91.56,17.44,109,'Oxxo','','TDA#2670OP#00000214TE#028TR#00005','28/04/20','15:34'),
	(58,'Oxxo','Plaza Jardin','2020-04-20','15:18:10',91.56,17.44,109,'Oxxo','','TDA#2670OP#00000214TE#028TR#00006','28/04/20','15:34'),
	(59,'Oxxo','Plaza Jardin','2020-04-20','15:18:10',91.56,17.44,109,'Oxxo','','TDA#2670OP#00000214TE#028TR#0000','28/04/20','15:34'),
	(60,'Oxxo','Plaza Jardin','2020-04-20','15:18:10',91.56,17.44,109,'Oxxo','','TDA#2670OP#00000214TE#028TR#00007','28/04/20','15:34'),
	(61,'Oxxo','Plaza Jardin','2020-04-20','15:18:10',91.56,17.44,109,'Oxxo','','TDA#2670OP#00000214TE#028TR#00008','28/04/20','15:34'),
	(62,'Oxxo','Plaza Jardin','2020-04-20','15:18:10',91.56,17.44,109,'Oxxo','','TDA#2670OP#00000214TE#028TR#00009','28/04/20','15:34'),
	(63,'Oxxo','Plaza Jardin','2020-04-20','15:18:10',91.56,17.44,109,'Oxxo','','TDA#2670OP#00000214TE#028TR#00010','28/04/20','15:34'),
	(64,'Oxxo','Plaza Jardin','2020-04-20','15:18:10',91.56,17.44,109,'Oxxo','','TDA#2670OP#00000214TE#028TR#00011','28/04/20','15:34'),
	(65,'Oxxo','Plaza Jardin','2020-04-20','15:18:10',91.56,17.44,109,'Oxxo','','TDA#2670OP#00000214TE#028TR#00012','28/04/20','15:34'),
	(66,'Oxxo','Plaza Jardin','2020-04-20','15:18:10',91.56,17.44,109,'Oxxo','','TDA#2670OP#00000214TE#028TR#00013','28/04/20','15:34'),
	(67,'Oxxo','Plaza Jardin','2020-04-20','15:18:10',91.56,17.44,109,'Oxxo','','TDA#2670OP#00000214TE#028TR#00014','28/04/20','15:34'),
	(68,'Oxxo','Plaza Jardin','2020-04-20','15:18:10',91.56,17.44,109,'Oxxo','','TDA#2670OP#00000214TE#028TR#00015','28/04/20','15:34'),
	(69,'Oxxo','Plaza Jardin','2020-04-20','15:18:10',91.56,17.44,109,'Oxxo','','TDA#2670OP#00000214TE#028TR#00016','28/04/20','15:34'),
	(70,'Oxxo','Plaza Jardin','2020-04-20','15:18:10',91.56,17.44,109,'Oxxo','','TDA#2670OP#00000214TE#028TR#00017','28/04/20','15:34'),
	(71,'Oxxo','Plaza Jardin','2020-04-20','15:49:10',91.56,17.44,109,'Oxxo','','TDA#2670OP#00000214TE#028TR#00018','28/04/20','15:49'),
	(72,'Oxxo','Plaza Jardin','2020-04-20','15:49:10',91.56,17.44,109,'Oxxo','','TDA#2670OP#00000214TE#028TR#00019','28/04/20','15:49'),
	(73,'Oxxo','Plaza Jardin','2020-04-20','15:49:10',91.56,17.44,109,'Oxxo','','TDA#2670OP#00000214TE#028TR#00020','28/04/20','15:49'),
	(74,'Oxxo','Plaza Jardin','2020-04-20','15:49:10',91.56,17.44,109,'Oxxo','','TDA#2670OP#00000214TE#028TR#00021','28/04/20','15:49'),
	(75,'Oxxo','Plaza Jardin','2020-04-20','15:49:10',91.56,17.44,109,'Oxxo','','TDA#2670OP#00000214TE#028TR#00022','28/04/20','15:49'),
	(76,'Oxxo','Plaza Jardin','2020-04-20','15:49:10',91.56,17.44,109,'Oxxo','','TDA#2670OP#00000214TE#028TR#00023','28/04/20','15:49'),
	(77,'Oxxo','Plaza Jardin','2020-04-20','15:49:10',91.56,17.44,109,'Oxxo','','TDA#2670OP#00000214TE#028TR#00024','28/04/20','15:49'),
	(78,'Oxxo','Plaza Jardin','2020-04-20','15:49:10',91.56,17.44,109,'Oxxo','','TDA#2670OP#00000214TE#028TR#00025','28/04/20','15:49'),
	(79,'Oxxo','Plaza Jardin','2020-04-20','15:49:10',91.56,17.44,109,'Oxxo','','TDA#2670OP#00000214TE#028TR#00026','28/04/20','15:49'),
	(80,'Oxxo','Plaza Jardin','2020-04-20','15:49:10',91.56,17.44,109,'Oxxo','','TDA#2670OP#00000214TE#028TR#00027','28/04/20','15:49'),
	(81,'Oxxo','Plaza Jardin','2020-04-20','15:54:10',91.56,17.44,109,'Oxxo','','TDA#2670OP#00000214TE#028TR#00028','28/04/20','15:54'),
	(82,'Oxxo','Plaza Jardin','2020-04-20','15:54:10',91.56,17.44,109,'Oxxo','','TDA#2670OP#00000214TE#028TR#00029','28/04/20','15:54'),
	(83,'Oxxo','Plaza Jardin','2020-04-20','15:54:10',91.56,17.44,109,'Oxxo','','TDA#2670OP#00000214TE#028TR#00030','28/04/20','15:54'),
	(84,'Oxxo','Plaza Jardin','2020-04-20','15:54:10',91.56,17.44,109,'Oxxo','','TDA#2670OP#00000214TE#028TR#00031','28/04/20','15:54'),
	(85,'Oxxo','Plaza Jardin','2020-04-20','15:54:10',91.56,17.44,109,'Oxxo','','TDA#2670OP#00000214TE#028TR#00032','28/04/20','15:54');

/*!40000 ALTER TABLE `ticket` ENABLE KEYS */;
UNLOCK TABLES;


# Volcado de tabla user_authority
# ------------------------------------------------------------

DROP TABLE IF EXISTS `user_authority`;

CREATE TABLE `user_authority` (
  `authority_id` int(11) DEFAULT NULL,
  `user_id` int(11) DEFAULT NULL,
  KEY `fk_authority_idx` (`authority_id`),
  KEY `fk_user_idx` (`user_id`),
  CONSTRAINT `fk_authority` FOREIGN KEY (`authority_id`) REFERENCES `authority` (`id`) ON DELETE NO ACTION ON UPDATE NO ACTION,
  CONSTRAINT `fk_user` FOREIGN KEY (`user_id`) REFERENCES `usuario` (`id_usuario`) ON DELETE NO ACTION ON UPDATE NO ACTION
) ENGINE=InnoDB DEFAULT CHARSET=latin1;

LOCK TABLES `user_authority` WRITE;
/*!40000 ALTER TABLE `user_authority` DISABLE KEYS */;

INSERT INTO `user_authority` (`authority_id`, `user_id`)
VALUES
	(1,2),
	(2,2),
	(2,42),
	(1,42),
	(2,59),
	(1,59),
	(2,73),
	(2,83),
	(2,84),
	(2,86),
	(2,87),
	(2,88),
	(2,89),
	(2,98),
	(2,105),
	(2,106),
	(2,107),
	(2,109),
	(2,110),
	(2,111),
	(2,112),
	(2,117);

/*!40000 ALTER TABLE `user_authority` ENABLE KEYS */;
UNLOCK TABLES;


# Volcado de tabla usuario
# ------------------------------------------------------------

DROP TABLE IF EXISTS `usuario`;

CREATE TABLE `usuario` (
  `id_usuario` int(11) NOT NULL AUTO_INCREMENT,
  `nombre` varchar(45) NOT NULL,
  `ap_paterno` varchar(45) DEFAULT NULL,
  `ap_materno` varchar(45) DEFAULT NULL,
  `fecha_nac` date NOT NULL,
  `foto_usuario` varchar(45) DEFAULT NULL,
  `tel_movil` varchar(14) DEFAULT NULL,
  `correo_electronico` varchar(45) NOT NULL,
  `usuario` varchar(45) NOT NULL,
  `contrasenia` varchar(45) NOT NULL,
  `calle` varchar(45) DEFAULT NULL,
  `num_ext` varchar(45) DEFAULT NULL,
  `num_int` varchar(45) DEFAULT NULL,
  `colonia` varchar(45) DEFAULT NULL,
  `codigo_postal` varchar(5) NOT NULL,
  `del_mun` varchar(45) DEFAULT NULL,
  `estado` varchar(45) DEFAULT NULL,
  `estatus_activacion` tinyint(1) NOT NULL,
  `codigo_verificacion` varchar(4) NOT NULL,
  `id_catalogo_sexo` int(11) DEFAULT NULL,
  `id_catalogo_red_social` int(11) DEFAULT NULL,
  `estatus` int(11) DEFAULT '1',
  `img_url` varchar(100) DEFAULT NULL,
  `hash` varchar(64) DEFAULT NULL,
  `password_restore_link` varchar(200) DEFAULT NULL,
  `time_restore_link` datetime DEFAULT NULL,
  `activation_link` varchar(200) DEFAULT NULL,
  `fecha_registro` timestamp NOT NULL DEFAULT CURRENT_TIMESTAMP,
  `device_token` varchar(200) DEFAULT NULL,
  PRIMARY KEY (`id_usuario`),
  UNIQUE KEY `usuario_UNIQUE` (`usuario`),
  UNIQUE KEY `correo_electronico_UNIQUE` (`correo_electronico`),
  UNIQUE KEY `tel_movil_UNIQUE` (`tel_movil`),
  KEY `fk_id_catalogo_sexo_idx` (`id_catalogo_sexo`),
  KEY `fk_id_catalogo_red_social_idx` (`id_catalogo_red_social`),
  CONSTRAINT `fk_id_catalogo_red_social` FOREIGN KEY (`id_catalogo_red_social`) REFERENCES `catalogo_redes_sociales` (`id`) ON DELETE NO ACTION ON UPDATE NO ACTION,
  CONSTRAINT `fk_id_catalogo_sexo` FOREIGN KEY (`id_catalogo_sexo`) REFERENCES `catalogo_sexo` (`id_catalogo_sexo`) ON DELETE NO ACTION ON UPDATE NO ACTION
) ENGINE=InnoDB DEFAULT CHARSET=latin1;

LOCK TABLES `usuario` WRITE;
/*!40000 ALTER TABLE `usuario` DISABLE KEYS */;

INSERT INTO `usuario` (`id_usuario`, `nombre`, `ap_paterno`, `ap_materno`, `fecha_nac`, `foto_usuario`, `tel_movil`, `correo_electronico`, `usuario`, `contrasenia`, `calle`, `num_ext`, `num_int`, `colonia`, `codigo_postal`, `del_mun`, `estado`, `estatus_activacion`, `codigo_verificacion`, `id_catalogo_sexo`, `id_catalogo_red_social`, `estatus`, `img_url`, `hash`, `password_restore_link`, `time_restore_link`, `activation_link`, `fecha_registro`, `device_token`)
VALUES
	(2,'Juan Oso',NULL,NULL,'1983-09-11',NULL,'+5215534714616','kissthbw@gmail.com','kissthbw@gmail.com','kiss2101',NULL,NULL,NULL,NULL,'57300',NULL,NULL,1,'6941',1,NULL,1,'http://res.cloudinary.com/shingshing/image/upload/v1588269864/shingshing/usuarios/2.jpg','0cec40c1ba68e43ddc243e6a1f53418580c3fb1edf637e4111c9acc17d0886de','1afc9e2948e53965bd348f6988f4562606d1a2bc524a2a48312ef82ce024e30d','2020-05-01 22:32:38',NULL,'2019-07-10 18:04:50','dZP_oT_pRz0:APA91bFU4FP6Pk1RN8YDuoZMGcdnvJaeWgGp1FWnXL_e12odbALwQN_Rp6tW0Jo957GtAwjPkpnMCpYTUUiv8jhv5F-xeFWgMaYQZtUxFJkjana6xKt6Zclw1c_z7qPuvRZSHJ-fge3R'),
	(42,'Erick Alvarezz',NULL,NULL,'1992-02-15',NULL,'+5215550679875','lab92mx@gmail.com','lab92mx@gmail.com','12345678',NULL,NULL,NULL,NULL,'57800',NULL,NULL,1,'7543',1,NULL,1,'http://res.cloudinary.com/shingshing/image/upload/v1586634980/shingshing/usuarios/42.jpg','ef797c8118f02dfb649607dd5d3f8c7623048c9c063d532cc95c5ed7a898a64f','8a91229834b31a6ce81cc45001528ced072ba327a1eff6951227e045a9a0c0e5','2020-05-01 17:32:19',NULL,'2020-01-10 19:04:50','eOH1GQT-Xz4:APA91bEDR7LMUaQp4bRTkxQYpkGm9fKf-H7vAGzlBWlOuyBn1b4eHm4UQY-ycXlcsB_tdmGSLXnDQkTqp--CRWdFdVoBa73tLQm64_0y59mNps9lA_Ou8Z0GUVRkmtWSFqE7NcOEwIwe'),
	(59,'Juan Osorio Alvarez',NULL,NULL,'1983-09-11',NULL,'+5215555555551','juan.osorio@gmail.com','juan.osorio@gmail.com','shingshing',NULL,NULL,NULL,NULL,'57300',NULL,NULL,0,'7650',1,NULL,1,NULL,'df755c8f8edb665735260649c15691f8ea668045f0048673545f9035debb95c9',NULL,NULL,NULL,'2020-01-10 19:04:50',NULL),
	(73,'Roberto',NULL,NULL,'1990-09-17',NULL,'+5215520777555','roberto.htamayo@gmail.com','roberto.htamayo@gmail.com','robe2019',NULL,NULL,NULL,NULL,'14030',NULL,NULL,1,'3958',1,NULL,1,NULL,'8308506504be11dd0dccc8e4c8ee0c14ecc73c67ea2df1b4cf9fc71144686265','1e086d4e01679504d27cda152dc9cf213a0287674fcb9afcb0f3a8ea0567dd4d','2020-03-24 02:51:11',NULL,'2020-01-10 19:04:50',NULL),
	(81,'Juan Osorio Alvarez',NULL,NULL,'1970-01-01',NULL,'+5215555555555','kissthbw@hotmail.com','kissthbw@hotmail.com','kissthbw@hotmail.com',NULL,NULL,NULL,NULL,'00000',NULL,NULL,1,'0000',3,2,1,NULL,NULL,NULL,NULL,NULL,'2020-01-10 19:04:50',NULL),
	(82,'Adrian','Osorio','Alvarez','1984-10-02','','+5215540150544','masterboy@gmail.com','masterboy84','qwerty12387','Pataguas','115','','La Perla','57820','Nezahualcoyotl','Estado de M√©xico',0,'',NULL,NULL,NULL,NULL,NULL,NULL,NULL,NULL,'2020-01-15 19:18:00',NULL),
	(83,'Juan Osorio Alvarez',NULL,NULL,'1983-09-11',NULL,'*5215534714616','juan.osorio.alvarez2@gmail.com','juan.osorio.alvarez2@gmail.com','shingshing',NULL,NULL,NULL,NULL,'57300',NULL,NULL,0,'8549',1,NULL,1,NULL,'df755c8f8edb665735260649c15691f8ea668045f0048673545f9035debb95c9',NULL,NULL,'9cf39fd9dc66a0a5416f2e323e1ad2a2a1dbdf689089c8c919aaae1f0d8a2bc7','2020-03-05 16:35:41',NULL),
	(84,'jeovanny ',NULL,NULL,'1989-10-06',NULL,'+5215543197733','jeovanny156@gmail.com','jeovanny156@gmail.com','laplace1527',NULL,NULL,NULL,NULL,'06450',NULL,NULL,0,'6588',1,NULL,1,NULL,'3aea8623b78388086490d17483dfb4be0c25930a0c466bb9102e93c61c5c83b0','d93acf0e908eab19c72815a63e9b2eba0e99f1ccde85ab2d038f0b700388efad','2020-04-02 18:59:36','33822a00be34a988d706d0b4c1b34060ea62e2d3e4e25215155f900b5f7e8b38','2020-03-05 16:35:41',NULL),
	(86,'***Laboratorio',NULL,NULL,'1992-03-04',NULL,'***15531813109','***hello@lab92.mx','***hello@lab92.mx','***12345678',NULL,NULL,NULL,NULL,'57800',NULL,NULL,1,'6605',2,NULL,1,NULL,'ef797c8118f02dfb649607dd5d3f8c7623048c9c063d532cc95c5ed7a898a64f',NULL,NULL,NULL,'2020-03-05 17:31:57',NULL),
	(87,'Valeria ',NULL,NULL,'1992-03-05',NULL,'+5215526772646','lau.81002@gmail.com','lau.81002@gmail.com','vanesita',NULL,NULL,NULL,NULL,'80100',NULL,NULL,1,'9278',1,NULL,1,NULL,'cc7668ae305ef83b4654363c147e4c0a677361e69893e9cbca44b1c6346c3588',NULL,NULL,NULL,'2020-03-05 17:34:10',NULL),
	(88,'Roberto ',NULL,NULL,'1981-01-25',NULL,'+5215521891769','roberto.guadarrama@tradenial.com','roberto.guadarrama@tradenial.com','prueba123',NULL,NULL,NULL,NULL,'10640',NULL,NULL,1,'6236',1,NULL,1,'http://res.cloudinary.com/shingshing/image/upload/v1587578173/shingshing/usuarios/88.jpg','ff960cb55673958c594d0daaab1e368651c75c02f9687192a1811e7b180336a7',NULL,'2020-04-22 17:52:12',NULL,'2020-03-05 20:48:39','dX7yvdhX7dQ:APA91bGay13p97LDHEvbx872FOpImyR7QTNZwZlC3oTatfbO6bm-R4-XwirYGRQToWIreSkJhmeK1_oWcz4qKvtoMIV5SXKsB4FSNmW7nZ3SRP81khYfygCEergoSfIJ95xSASw6l_Ct'),
	(89,'Joshua ',NULL,NULL,'2002-02-01',NULL,'+5215563753841','joshuagraff02@gmail.com','joshuagraff02@gmail.com','vidarendida',NULL,NULL,NULL,NULL,'57300',NULL,NULL,1,'3759',1,NULL,1,'http://res.cloudinary.com/shingshing/image/upload/v1584139495/shingshing/usuarios/89.jpg','dee2f76503aa5aa28cb8b59b066caf44f1981c74068844a5834cbdf763d7e61f',NULL,NULL,NULL,'2020-03-13 22:40:28',NULL),
	(90,'Bures Bures',NULL,NULL,'1970-01-01',NULL,NULL,'buures@hotmail.com','buures@hotmail.com','buures@hotmail.com',NULL,NULL,NULL,NULL,'00000',NULL,NULL,1,'0000',3,2,1,NULL,NULL,NULL,NULL,NULL,'2020-03-22 03:59:23',NULL),
	(91,'Erick Alvarez',NULL,NULL,'1970-01-01',NULL,NULL,'herickov@gmail.com','herickov@gmail.com','herickov@gmail.com',NULL,NULL,NULL,NULL,'00000',NULL,NULL,1,'0000',3,1,1,NULL,NULL,'88b085083654edc49d1f079482b29aa105e4278d669b1cd4b7494290491c3f4a','2020-04-01 03:06:00',NULL,'2020-03-22 04:00:14',NULL),
	(92,'Laura Aguirre',NULL,NULL,'1970-01-01',NULL,NULL,'lauhrk81092@gmail.com','lauhrk81092@gmail.com','lauhrk81092@gmail.com',NULL,NULL,NULL,NULL,'00000',NULL,NULL,1,'0000',3,2,2,NULL,NULL,NULL,NULL,NULL,'2020-03-22 18:25:50',NULL),
	(94,'null null',NULL,NULL,'1970-01-01',NULL,NULL,'sistemas@zubalav.com.mx','sistemas@zubalav.com.mx','sistemas@zubalav.com.mx',NULL,NULL,NULL,NULL,'00000',NULL,NULL,1,'0000',3,1,1,NULL,NULL,NULL,NULL,NULL,'2020-04-08 18:04:41',NULL),
	(95,'Lidia Hern√°ndez',NULL,NULL,'1970-01-01',NULL,NULL,'lidiaht60@gmail.com','lidiaht60@gmail.com','lidiaht60@gmail.com',NULL,NULL,NULL,NULL,'00000',NULL,NULL,1,'0000',3,1,1,NULL,NULL,NULL,NULL,NULL,'2020-04-08 18:19:33',NULL),
	(96,'Jeovanny Nava',NULL,NULL,'1970-01-01',NULL,NULL,'jeovanny_hskqaek_nava@tfbnw.net','jeovanny_hskqaek_nava@tfbnw.net','jeovanny_hskqaek_nava@tfbnw.net',NULL,NULL,NULL,NULL,'00000',NULL,NULL,1,'0000',3,2,1,NULL,NULL,NULL,NULL,NULL,'2020-04-09 00:29:41',NULL),
	(97,'Jeovanny Nava',NULL,NULL,'1970-01-01',NULL,NULL,'jeovanny156@hotmail.com','jeovanny156@hotmail.com','jeovanny156@hotmail.com',NULL,NULL,NULL,NULL,'00000',NULL,NULL,1,'0000',3,2,1,NULL,'d8f81d8baa05e2cf440797e3488d6d1ba47bed6cf11e973afcfadfcde11c8a15',NULL,NULL,NULL,'2020-04-09 04:08:25',NULL),
	(98,'German RIvera',NULL,NULL,'1977-05-28',NULL,'+5215528809746','germanriverahdez@gmail.com','germanriverahdez@gmail.com','Alheloska2007',NULL,NULL,NULL,NULL,'02160',NULL,NULL,0,'3873',1,NULL,1,NULL,'9cc0bec56e0468e289efe01f122758efed219a89c717e4aaab44e15ca88be536',NULL,NULL,'beeb8977120dbae35f3557c6de8352bef68d5d2fe7bcfb62714df2895506c112','2020-04-12 21:21:52',NULL),
	(99,'Shing User-X',NULL,NULL,'1970-01-01',NULL,NULL,'shing_hmbwbtx_user@tfbnw.net-X','shing_hmbwbtx_user@tfbnw.net-X','shing_hmbwbtx_user@tfbnw.net-X',NULL,NULL,NULL,NULL,'00000',NULL,NULL,1,'0000',3,2,1,NULL,NULL,NULL,NULL,NULL,'2020-04-13 23:14:49',NULL),
	(100,'Emily Montes',NULL,NULL,'1970-01-01',NULL,NULL,'emily_fqbgtag_montes@tfbnw.net','emily_fqbgtag_montes@tfbnw.net','emily_fqbgtag_montes@tfbnw.net',NULL,NULL,NULL,NULL,'00000',NULL,NULL,1,'0000',3,2,1,NULL,NULL,NULL,NULL,NULL,'2020-04-14 02:49:32',NULL),
	(101,'null null',NULL,NULL,'1970-01-01',NULL,NULL,'ariacnenh@gmail.com','ariacnenh@gmail.com','ariacnenh@gmail.com',NULL,NULL,NULL,NULL,'00000',NULL,NULL,1,'0000',3,1,1,NULL,NULL,NULL,NULL,NULL,'2020-04-14 04:53:30',NULL),
	(102,'Jaime Ivan Trujillo',NULL,NULL,'1970-01-01',NULL,NULL,'jaimeivan@gmail.com','jaimeivan@gmail.com','jaimeivan@gmail.com',NULL,NULL,NULL,NULL,'00000',NULL,NULL,1,'0000',3,1,1,NULL,NULL,NULL,NULL,NULL,'2020-04-14 22:42:45',NULL),
	(103,'ERICK URIEL ALVAREZ NAVARRO',NULL,NULL,'1970-01-01',NULL,NULL,'erickuriel.alvarez@bbva.com','erickuriel.alvarez@bbva.com','erickuriel.alvarez@bbva.com',NULL,NULL,NULL,NULL,'00000',NULL,NULL,1,'0000',3,1,1,NULL,NULL,NULL,NULL,NULL,'2020-04-15 01:28:58',NULL),
	(104,'nombre',NULL,NULL,'1970-01-01',NULL,NULL,'email','email','email',NULL,NULL,NULL,NULL,'00000',NULL,NULL,1,'0000',3,NULL,1,NULL,NULL,NULL,NULL,NULL,'2020-04-15 05:56:29',NULL),
	(105,'Jeovanny',NULL,NULL,'2020-04-01',NULL,'+5215543197734','jeovanny1567@gmail.com','jeovanny1567@gmail.com','12345678',NULL,NULL,NULL,NULL,'10010',NULL,NULL,0,'9311',1,NULL,1,NULL,'ef797c8118f02dfb649607dd5d3f8c7623048c9c063d532cc95c5ed7a898a64f',NULL,NULL,'9957248cbc73181472295b7713db44cea74d341b797ffbe953594fcf37f662de','2020-04-15 07:06:22',NULL),
	(106,'Lucero zamora',NULL,NULL,'1994-05-17',NULL,'+5215543197766','lucero@gmail.com','lucero@gmail.com','12345678',NULL,NULL,NULL,NULL,'10010',NULL,NULL,1,'1322',2,NULL,2,NULL,'ef797c8118f02dfb649607dd5d3f8c7623048c9c063d532cc95c5ed7a898a64f',NULL,NULL,'e35496874939b07ab7535df03934e603dc04291cd900f48ccb0bd9e268f9c562','2020-04-15 07:19:41',NULL),
	(107,'Edgar',NULL,NULL,'1994-11-06',NULL,'+5215567904537','edgaravilaescom@gmail.com','edgaravilaescom@gmail.com','avilaolvera',NULL,NULL,NULL,NULL,'52910',NULL,NULL,1,'9209',1,NULL,1,NULL,'6ef5100c2b09ff5f689da9e8d09c0215c233f5259a90008eaead214be77d58ae',NULL,NULL,NULL,'2020-04-15 21:19:27',NULL),
	(108,'Shing User',NULL,NULL,'1970-01-01',NULL,NULL,'shing_hmbwbtx_user@tfbnw.net','shing_hmbwbtx_user@tfbnw.net','shing_hmbwbtx_user@tfbnw.net',NULL,NULL,NULL,NULL,'00000',NULL,NULL,1,'0000',3,2,1,NULL,NULL,NULL,NULL,NULL,'2020-04-16 01:52:16',NULL),
	(109,'nonbre ',NULL,NULL,'2020-04-07',NULL,'+5215549463464','nonbr@gmail.com','nonbr@gmail.com','12345678',NULL,NULL,NULL,NULL,'00000',NULL,NULL,1,'0658',2,NULL,2,NULL,'ef797c8118f02dfb649607dd5d3f8c7623048c9c063d532cc95c5ed7a898a64f',NULL,NULL,NULL,'2020-04-18 00:57:28',NULL),
	(110,'Nombre',NULL,NULL,'2020-04-02',NULL,'+5215512345678','nombre@gmail.com','nombre@gmail.com','12345678',NULL,NULL,NULL,NULL,'01010',NULL,NULL,1,'3381',2,NULL,1,NULL,'ef797c8118f02dfb649607dd5d3f8c7623048c9c063d532cc95c5ed7a898a64f',NULL,NULL,NULL,'2020-04-18 01:12:50',NULL),
	(111,'Martin Nava',NULL,NULL,'1963-02-25',NULL,'+5215541759253','martinnava@gmail.com','martinnava@gmail.com','12345678',NULL,NULL,NULL,NULL,'06450',NULL,NULL,1,'1256',1,NULL,1,NULL,'ef797c8118f02dfb649607dd5d3f8c7623048c9c063d532cc95c5ed7a898a64f',NULL,NULL,NULL,'2020-04-18 01:23:34',NULL),
	(112,'erick',NULL,NULL,'1992-02-15',NULL,'+5215531813109','hello@lab92.mx','hello@lab92.mx','12345678',NULL,NULL,NULL,NULL,'08100',NULL,NULL,1,'5161',1,NULL,1,NULL,'ef797c8118f02dfb649607dd5d3f8c7623048c9c063d532cc95c5ed7a898a64f',NULL,NULL,NULL,'2020-04-21 04:56:24',NULL),
	(117,'Paola Patricia ',NULL,NULL,'1982-10-10',NULL,'+5215548998389','beyota_paola@hotmail.com','beyota_paola@hotmail.com','10PAOLA10',NULL,NULL,NULL,NULL,'57300',NULL,NULL,1,'8667',1,NULL,1,'http://res.cloudinary.com/shingshing/image/upload/v1588361864/shingshing/usuarios/117.jpg','c293f727c75868bc0dd3fc067b4f1d384710b6dc0cc18315c5c3a8162a2f9ccd','1c427835ca0f71fe90ebcc77eb0be4a2b32af44e49d5dd18ab646091de715b05','2020-05-01 22:43:13',NULL,'2020-05-01 15:51:10','clzM1LpHYvo:APA91bHxen4gnREUj4yG2Ckj9hBnJS_7izNI631fU-hDaR3GT_80fHHxStpu8LXl6gTto_In-kNvrvBGSnoXgk5FY3ZOM5-f75ApQL4kR2CSCxngGy5C3qehJYX-F3RPPW53SoT4RHA4');

/*!40000 ALTER TABLE `usuario` ENABLE KEYS */;
UNLOCK TABLES;



/*!40111 SET SQL_NOTES=@OLD_SQL_NOTES */;
/*!40101 SET SQL_MODE=@OLD_SQL_MODE */;
/*!40014 SET FOREIGN_KEY_CHECKS=@OLD_FOREIGN_KEY_CHECKS */;
/*!40101 SET CHARACTER_SET_CLIENT=@OLD_CHARACTER_SET_CLIENT */;
/*!40101 SET CHARACTER_SET_RESULTS=@OLD_CHARACTER_SET_RESULTS */;
/*!40101 SET COLLATION_CONNECTION=@OLD_COLLATION_CONNECTION */;
